-- phpMyAdmin SQL Dump
-- version 4.7.3
-- https://www.phpmyadmin.net/
--
-- Host: 127.0.0.1:3306
-- Generation Time: Dec 06, 2017 at 02:19 PM
-- Server version: 5.7.19
-- PHP Version: 7.1.7

SET SQL_MODE = "NO_AUTO_VALUE_ON_ZERO";
SET AUTOCOMMIT = 0;
START TRANSACTION;
SET time_zone = "+00:00";


/*!40101 SET @OLD_CHARACTER_SET_CLIENT=@@CHARACTER_SET_CLIENT */;
/*!40101 SET @OLD_CHARACTER_SET_RESULTS=@@CHARACTER_SET_RESULTS */;
/*!40101 SET @OLD_COLLATION_CONNECTION=@@COLLATION_CONNECTION */;
/*!40101 SET NAMES utf8mb4 */;

--
-- Database: `site`
--

-- --------------------------------------------------------

--
-- Table structure for table `dc_domain`
--

CREATE TABLE `dc_domain` (
  `id` int(11) NOT NULL,
  `domain` varchar(255) NOT NULL
) ENGINE=InnoDB DEFAULT CHARSET=utf8;

--
-- Dumping data for table `dc_domain`
--

INSERT INTO `dc_domain` (`id`, `domain`) VALUES
(25, 'Bob.com'),
(6, 'buyanxietydrugs.com'),
(22, 'clc.od.ua'),
(7, 'dcwomenkickingass.tumblr.com'),
(9, 'dragonstack.com'),
(13, 'dsspain.com'),
(27, 'facebook.com'),
(16, 'footfallcam.com'),
(11, 'francedrugstores.com'),
(18, 'genericlevitra.usa.com'),
(2, 'googler.ru'),
(17, 'javabrains.io'),
(24, 'mail.ru'),
(30, 'modgames.net'),
(5, 'nightline-delivers.com'),
(23, 'palmal.com'),
(33, 'pinterest.com'),
(12, 'realitypi.net'),
(1, 'rembler.ru'),
(19, 'softpicks.com.de'),
(4, 'toyawater.com'),
(26, 'vk.com'),
(32, 'youtube.com');

-- --------------------------------------------------------

--
-- Table structure for table `dc_domain_comment`
--

CREATE TABLE `dc_domain_comment` (
  `id` int(11) NOT NULL,
  `domain_id` int(11) NOT NULL,
  `name` varchar(255) NOT NULL,
  `comment` text NOT NULL,
  `status` tinyint(4) NOT NULL DEFAULT '0',
  `type` tinyint(4) NOT NULL,
  `e_mail` varchar(50) NOT NULL,
  `rate` tinyint(4) NOT NULL,
  `date` timestamp NOT NULL DEFAULT CURRENT_TIMESTAMP
) ENGINE=InnoDB DEFAULT CHARSET=utf8;

--
-- Dumping data for table `dc_domain_comment`
--

INSERT INTO `dc_domain_comment` (`id`, `domain_id`, `name`, `comment`, `status`, `type`, `e_mail`, `rate`, `date`) VALUES
(18, 16, 'Sozin', 'Diam quam nulla porttitor massa id neque aliquam. Tellus rutrum tellus pellentesque eu tincidunt tortor. Est ullamcorper eget nulla facilisi etiam dignissim. Venenatis lectus magna fringilla urna porttitor. Donec adipiscing tristique risus nec feugiat. Dictum at tempor commodo ullamcorper a lacus. Porttitor rhoncus dolor purus non enim praesent elementum.', 0, 0, 'sozin@mail.com', 6, '2017-11-07 14:10:50'),
(20, 16, 'ewdqwd', 'qwddqw dqwdqwd wdq wqw dwqdqw dqw dqw', 0, 1, 'dwqqwd@ddwq.wd', 9, '2017-11-09 09:43:24'),
(21, 16, 'fewfe', 'fewfew fewew ewfe ewffewfew fewfe ewfewe ewfewf ewfewfw', 0, 1, 'wfefew@re.rve', 3, '2017-11-09 09:44:19'),
(22, 25, 'qwffwfe', 'fweg34gg4fwfefew', 0, 1, 'wqddqw@mail.ru', 5, '2017-11-09 11:25:25'),
(23, 25, 'wqdqw', 'fefew qefwfw qed wqqwd qfwwq dwq qwfqdwq', 0, 1, 'sdaw@gre.etg', 8, '2017-11-09 11:25:54'),
(24, 25, 'qfwdqwdwq', 'fqewewfewfew', 0, 1, 'egfwfe@hr.gre', 3, '2017-11-09 11:26:27'),
(25, 25, 'fewgfwg', 'qfewgrg efwfew ewfew', 0, 1, 'ewfew@fewfew.few', 9, '2017-11-09 11:26:40'),
(26, 25, 'fewefw', 'efwfefew fewwe w ewf', 0, 1, 'ewfewfew@few.et', 10, '2017-11-09 11:26:56'),
(27, 25, 'efwegfe', 'fewqewfe ewffewf ewffew ewfewfew', 0, 1, 'fewwef@mrt.ewgfw', 2, '2017-11-09 11:27:15'),
(28, 25, 'wqfddqw', 'Duis aute irure dolor in reprehenderit in voluptate velit esse cillum dolore eu fugiat nulla pariatur. Excepteur sint occaecat cupidatat non proident, sunt in culpa qui officia deserunt mollit anim id est laborum.', 0, 0, 'dqwdqw@dqwdqw.efw', 8, '2017-11-09 11:28:12'),
(29, 25, 'ewffewge', 'Duis aute irure dolor in reprehenderit in voluptate velit esse cillum dolore eu fugiat nulla pariatur. Excepteur sint occaecat cupidatat non proident, sunt in culpa qui officia deserunt mollit anim id est laborum.', 0, 0, 'wfefew@dewf.rfew', 5, '2017-11-09 11:28:26'),
(30, 25, 'qwffwq', 'wqd dqwdwq  Duis aute irure dolor in reprehenderit in voluptate velit esse cillum dolore eu fugiat nulla pariatur. Excepteur sint occaecat cupidatat non proident, sunt in culpa qui officia deserunt mollit anim id est laborum.', 0, 0, 'qwdqw@efwwfe.efwfew', 4, '2017-11-09 11:28:40'),
(31, 25, 'qwdfwq', 'Duis aute irure dolor in reprehenderit in voluptate velit esse cillum dolore eu fugiat nulla pariatur. Excepteur sint occaecat cupidatat non proident, sunt in culpa qui officia deserunt mollit anim id est laborum.', 0, 0, 'dqwdwqdqw@few.few', 7, '2017-11-09 11:28:52'),
(32, 25, 'wfeewff', 'fewfewf fewe ewfewfe fewgeew Duis aute irure dolor in reprehenderit in voluptate velit esse cillum dolore eu fugiat nulla pariatur. Excepteur sint occaecat cupidatat non proident, sunt in culpa qui officia deserunt mollit anim id est laborum.', 0, 0, 'ewfgfe@few.few', 1, '2017-11-09 11:29:06'),
(33, 25, 'qfwew', 'wqdqwfwq  Duis aute irure dolor in reprehenderit in voluptate velit esse cillum dolore eu fugiat nulla pariatur. Excepteur sint occaecat cupidatat non proident, sunt in culpa qui officia deserunt mollit anim id est laborum.', 0, 0, 'qfwfqewdwq@fwe.few', 5, '2017-11-09 11:29:21'),
(34, 25, 'ewfewg', 'fewew Duis aute irure dolor in reprehenderit in voluptate velit esse cillum dolore eu fugiat nulla pariatur. Excepteur sint occaecat cupidatat non proident, sunt in culpa qui officia deserunt mollit anim id est laborum.', 0, 0, 'fewwgefewfew@dwefew.ffew', 9, '2017-11-09 11:29:43'),
(35, 16, 'Sam', 'Sed ut perspiciatis unde omnis iste natus error sit voluptatem accusantium doloremque laudantium, totam rem aperiam, eaque ipsa quae ab illo inventore veritatis et quasi architecto beatae vitae dicta sunt explicabo.', 0, 0, 'sam@mail.ru', 4, '2017-11-15 11:08:29'),
(36, 22, 'sozin', 'Lorem ipsum dolor sit amet, consectetur adipiscing elit, sed do eiusmod tempor incididunt ut labore et dolore magna aliqua. Ut enim ad minim veniam, quis nostrud exercitation ullamco laboris nisi ut aliquip ex ea', 0, 0, 'sozin1991@gmail.com', 9, '2017-11-16 15:33:27'),
(37, 22, 'lorem', 'Lorem ipsum dolor sit amet, consectetur adipiscing elit, sed do eiusmod tempor incididunt ut labore et dolore magna aliqua. Ut enim ad minim veniam, quis nostrud exercitation ullamco laboris nisi ut aliquip ex ea', 0, 0, 'ipsum@few.fewfe', 8, '2017-11-16 15:33:48'),
(38, 27, 'Sozin', 'ewffeww fefw ew we  ewfewfew ee ewfew e efew ee fweewf', 0, 0, 'sozin@mail.ru', 7, '2017-11-20 13:22:11'),
(39, 13, 'fewfew', 'efwew fe eewe feew fee ew', 0, 1, 'fewfew@ew.few', 9, '2017-11-20 13:25:22'),
(40, 25, 'Sozin', 'qdw w wdqqw dqww ww ddwqwq wdqw qw', 0, 1, 'sozin@mail.ru', 9, '2017-11-21 14:05:45'),
(41, 22, 'Sozin', 'qfewfwf ewfewf wee few ewfewefewf fewf efwwf few ef weew', 0, 1, 'caswqw@mail.ru', 4, '2017-11-23 10:15:32'),
(42, 25, 'fweew', 'r3r32r23 r323 3 32r22r3 33 32r3232r 3 3r23r23 3 3r2r23r', 0, 1, 'fewfew@few.r33', 6, '2017-11-27 09:17:15');

-- --------------------------------------------------------

--
-- Table structure for table `dc_domain_text`
--

CREATE TABLE `dc_domain_text` (
  `id` int(11) NOT NULL,
  `domain_id` int(11) NOT NULL,
  `text_id` int(11) NOT NULL
) ENGINE=InnoDB DEFAULT CHARSET=utf8;

--
-- Dumping data for table `dc_domain_text`
--

INSERT INTO `dc_domain_text` (`id`, `domain_id`, `text_id`) VALUES
(23, 4, 1),
(24, 4, 2),
(25, 4, 5),
(26, 12, 1),
(27, 12, 2),
(28, 12, 4),
(29, 10, 1),
(30, 10, 2),
(31, 10, 6),
(32, 18, 1),
(33, 18, 3),
(34, 18, 4),
(35, 6, 1),
(36, 6, 2),
(37, 6, 4),
(38, 9, 1),
(39, 16, 1),
(40, 9, 2),
(41, 16, 2),
(42, 9, 4),
(43, 16, 6),
(44, 2, 1),
(45, 2, 2),
(46, 2, 6),
(47, 13, 1),
(48, 13, 2),
(49, 13, 6),
(50, 11, 1),
(51, 11, 3),
(52, 11, 4),
(53, 7, 1),
(54, 7, 3),
(55, 7, 6),
(56, 21, 1),
(57, 21, 2),
(58, 21, 6),
(59, 1, 1),
(60, 1, 2),
(61, 1, 5),
(62, 17, 1),
(63, 17, 3),
(64, 17, 6),
(65, 5, 1),
(66, 5, 3),
(67, 5, 5),
(68, 19, 1),
(69, 19, 2),
(70, 19, 4),
(71, 22, 1),
(72, 22, 3),
(73, 22, 4),
(74, 23, 1),
(75, 23, 2),
(76, 23, 4),
(77, 24, 1),
(78, 24, 2),
(79, 24, 4),
(80, 25, 1),
(81, 25, 2),
(82, 25, 5),
(83, 2, 1),
(84, 2, 3),
(85, 2, 5),
(86, 18, 1),
(87, 18, 2),
(88, 18, 6),
(89, 18, 1),
(90, 18, 2),
(91, 18, 6),
(92, 18, 1),
(93, 18, 2),
(94, 18, 5),
(95, 18, 1),
(96, 18, 3),
(97, 18, 6),
(98, 18, 1),
(99, 18, 2),
(100, 18, 5),
(101, 9, 1),
(102, 9, 2),
(103, 9, 4),
(104, 9, 1),
(105, 9, 2),
(106, 9, 4),
(107, 9, 1),
(108, 9, 3),
(109, 9, 4),
(110, 9, 1),
(111, 9, 2),
(112, 9, 5),
(113, 9, 1),
(114, 9, 2),
(115, 9, 5),
(116, 9, 1),
(117, 9, 2),
(118, 9, 4),
(119, 9, 1),
(120, 9, 3),
(121, 9, 4),
(122, 9, 1),
(123, 9, 2),
(124, 9, 5),
(125, 9, 1),
(126, 9, 2),
(127, 9, 4),
(128, 9, 1),
(129, 9, 3),
(130, 9, 4),
(131, 9, 1),
(132, 9, 2),
(133, 9, 4),
(134, 9, 1),
(135, 9, 2),
(136, 9, 5),
(137, 9, 1),
(138, 9, 2),
(139, 9, 4),
(140, 9, 1),
(141, 9, 2),
(142, 9, 6),
(143, 9, 1),
(144, 9, 2),
(145, 9, 5),
(146, 9, 1),
(147, 9, 2),
(148, 9, 6),
(149, 9, 1),
(150, 9, 3),
(151, 9, 4),
(152, 24, 1),
(153, 24, 2),
(154, 24, 4),
(155, 24, 1),
(156, 24, 2),
(157, 24, 6),
(158, 22, 1),
(159, 22, 3),
(160, 22, 4),
(161, 24, 1),
(162, 24, 2),
(163, 24, 6),
(164, 18, 1),
(165, 18, 3),
(166, 18, 6),
(167, 18, 1),
(168, 18, 2),
(169, 18, 4),
(170, 25, 1),
(171, 25, 3),
(172, 25, 5),
(173, 25, 1),
(174, 25, 2),
(175, 25, 4),
(176, 25, 1),
(177, 25, 2),
(178, 25, 4),
(179, 25, 1),
(180, 25, 3),
(181, 25, 6),
(182, 25, 1),
(183, 25, 2),
(184, 25, 4),
(185, 25, 1),
(186, 25, 3),
(187, 25, 6),
(188, 25, 1),
(189, 25, 2),
(190, 25, 4),
(191, 25, 1),
(192, 25, 3),
(193, 25, 5),
(194, 25, 1),
(195, 25, 3),
(196, 25, 5),
(197, 25, 1),
(198, 25, 3),
(199, 25, 5),
(200, 25, 1),
(201, 25, 3),
(202, 25, 5),
(203, 25, 1),
(204, 25, 3),
(205, 25, 4),
(206, 25, 1),
(207, 25, 3),
(208, 25, 6),
(209, 25, 1),
(210, 25, 3),
(211, 25, 4),
(212, 25, 1),
(213, 25, 2),
(214, 25, 6),
(215, 22, 1),
(216, 22, 2),
(217, 22, 5),
(218, 7, 1),
(219, 7, 3),
(220, 7, 5),
(221, 25, 1),
(222, 25, 3),
(223, 25, 6),
(224, 25, 1),
(225, 25, 3),
(226, 25, 4),
(227, 25, 1),
(228, 25, 3),
(229, 25, 4),
(230, 25, 1),
(231, 25, 2),
(232, 25, 6),
(233, 25, 1),
(234, 25, 2),
(235, 25, 6),
(236, 25, 1),
(237, 25, 2),
(238, 25, 6),
(239, 25, 1),
(240, 25, 2),
(241, 25, 5),
(242, 24, 1),
(243, 24, 3),
(244, 24, 6),
(245, 24, 1),
(246, 24, 3),
(247, 24, 6),
(248, 24, 1),
(249, 24, 3),
(250, 24, 5),
(251, 25, 1),
(252, 25, 3),
(253, 25, 4),
(254, 25, 1),
(255, 25, 3),
(256, 25, 6),
(257, 25, 1),
(258, 25, 3),
(259, 25, 4),
(260, 25, 1),
(261, 25, 2),
(262, 25, 5),
(263, 25, 1),
(264, 25, 2),
(265, 25, 4),
(266, 25, 1),
(267, 25, 3),
(268, 25, 5),
(269, 25, 1),
(270, 25, 2),
(271, 25, 6),
(272, 25, 1),
(273, 25, 3),
(274, 25, 5),
(275, 25, 1),
(276, 25, 3),
(277, 25, 5),
(278, 25, 1),
(279, 25, 3),
(280, 25, 5),
(281, 25, 1),
(282, 25, 2),
(283, 25, 6),
(284, 25, 1),
(285, 25, 2),
(286, 25, 5),
(287, 25, 1),
(288, 25, 2),
(289, 25, 5),
(290, 25, 1),
(291, 25, 2),
(292, 25, 4),
(293, 25, 1),
(294, 25, 3),
(295, 25, 5),
(296, 25, 1),
(297, 25, 3),
(298, 25, 6),
(299, 25, 1),
(300, 25, 3),
(301, 25, 5),
(302, 25, 1),
(303, 25, 3),
(304, 25, 5),
(305, 25, 1),
(306, 25, 3),
(307, 25, 4),
(308, 25, 1),
(309, 25, 3),
(310, 25, 6),
(311, 25, 1),
(312, 25, 3),
(313, 25, 4),
(314, 25, 1),
(315, 25, 3),
(316, 25, 6),
(317, 25, 1),
(318, 25, 2),
(319, 25, 5),
(320, 24, 1),
(321, 24, 3),
(322, 24, 4),
(323, 24, 1),
(324, 24, 3),
(325, 24, 6),
(326, 24, 1),
(327, 24, 3),
(328, 24, 5),
(329, 24, 1),
(330, 24, 2),
(331, 24, 6),
(332, 25, 1),
(333, 25, 2),
(334, 25, 4),
(335, 24, 1),
(336, 24, 3),
(337, 24, 4),
(338, 25, 1),
(339, 25, 2),
(340, 25, 5),
(341, 24, 1),
(342, 24, 2),
(343, 24, 6),
(344, 24, 1),
(345, 24, 3),
(346, 24, 5),
(347, 25, 1),
(348, 25, 3),
(349, 25, 6),
(350, 25, 1),
(351, 25, 2),
(352, 25, 5),
(353, 25, 1),
(354, 25, 3),
(355, 25, 5),
(356, 25, 1),
(357, 25, 2),
(358, 25, 4),
(359, 25, 1),
(360, 25, 3),
(361, 25, 5),
(362, 25, 1),
(363, 25, 2),
(364, 25, 6),
(365, 25, 1),
(366, 25, 2),
(367, 25, 5),
(368, 25, 1),
(369, 25, 3),
(370, 25, 5),
(371, 25, 1),
(372, 25, 3),
(373, 25, 4),
(374, 25, 1),
(375, 25, 3),
(376, 25, 5),
(377, 24, 1),
(378, 24, 3),
(379, 24, 4),
(380, 24, 1),
(381, 24, 2),
(382, 24, 6),
(383, 24, 1),
(384, 24, 2),
(385, 24, 4),
(386, 24, 1),
(387, 24, 2),
(388, 24, 6),
(389, 24, 1),
(390, 24, 3),
(391, 24, 6),
(392, 24, 1),
(393, 24, 2),
(394, 24, 5),
(395, 24, 1),
(396, 24, 3),
(397, 24, 4),
(398, 25, 1),
(399, 25, 3),
(400, 25, 5),
(401, 25, 1),
(402, 25, 2),
(403, 25, 6),
(404, 25, 1),
(405, 25, 3),
(406, 25, 5),
(407, 25, 1),
(408, 25, 2),
(409, 25, 5),
(410, 25, 1),
(411, 25, 2),
(412, 25, 4),
(413, 25, 1),
(414, 25, 3),
(415, 25, 4),
(416, 25, 1),
(417, 25, 2),
(418, 25, 5),
(419, 25, 1),
(420, 25, 3),
(421, 25, 4),
(422, 7, 1),
(423, 7, 3),
(424, 7, 5),
(425, 11, 1),
(426, 11, 3),
(427, 11, 6),
(428, 7, 1),
(429, 7, 3),
(430, 7, 6),
(431, 11, 1),
(432, 11, 2),
(433, 11, 5),
(434, 11, 1),
(435, 11, 3),
(436, 11, 5),
(437, 11, 1),
(438, 11, 3),
(439, 11, 5),
(440, 1, 1),
(441, 1, 2),
(442, 1, 5),
(443, 17, 1),
(444, 17, 2),
(445, 17, 6),
(446, 6, 1),
(447, 6, 2),
(448, 6, 5),
(449, 17, 1),
(450, 17, 2),
(451, 17, 6),
(452, 6, 1),
(453, 6, 3),
(454, 6, 4),
(455, 2, 1),
(456, 2, 3),
(457, 2, 5),
(458, 25, 1),
(459, 25, 3),
(460, 25, 6),
(461, 25, 1),
(462, 25, 2),
(463, 25, 5),
(464, 25, 1),
(465, 25, 2),
(466, 25, 6),
(467, 25, 1),
(468, 25, 3),
(469, 25, 5),
(470, 25, 1),
(471, 25, 3),
(472, 25, 5),
(473, 25, 1),
(474, 25, 3),
(475, 25, 4),
(476, 25, 1),
(477, 25, 3),
(478, 25, 5),
(479, 25, 1),
(480, 25, 2),
(481, 25, 5),
(482, 25, 1),
(483, 25, 2),
(484, 25, 4),
(485, 25, 1),
(486, 25, 2),
(487, 25, 4),
(488, 25, 1),
(489, 25, 3),
(490, 25, 5),
(491, 25, 1),
(492, 25, 2),
(493, 25, 4),
(494, 25, 1),
(495, 25, 2),
(496, 25, 4),
(497, 25, 1),
(498, 25, 2),
(499, 25, 4),
(500, 25, 1),
(501, 25, 2),
(502, 25, 6),
(503, 25, 1),
(504, 25, 3),
(505, 25, 4),
(506, 25, 1),
(507, 25, 2),
(508, 25, 5),
(509, 25, 1),
(510, 25, 2),
(511, 25, 4),
(512, 25, 1),
(513, 25, 2),
(514, 25, 6),
(515, 25, 1),
(516, 25, 2),
(517, 25, 6),
(518, 25, 1),
(519, 25, 2),
(520, 25, 4),
(521, 25, 1),
(522, 25, 3),
(523, 25, 6),
(524, 25, 1),
(525, 25, 3),
(526, 25, 5),
(527, 25, 1),
(528, 25, 3),
(529, 25, 5),
(530, 25, 1),
(531, 25, 3),
(532, 25, 5),
(533, 25, 1),
(534, 25, 3),
(535, 25, 4),
(536, 25, 1),
(537, 25, 3),
(538, 25, 6),
(539, 25, 1),
(540, 25, 3),
(541, 25, 4),
(542, 25, 1),
(543, 25, 3),
(544, 25, 4),
(545, 25, 1),
(546, 25, 3),
(547, 25, 6),
(548, 25, 1),
(549, 25, 2),
(550, 25, 5),
(551, 25, 1),
(552, 25, 3),
(553, 25, 6),
(554, 25, 1),
(555, 25, 2),
(556, 25, 6),
(557, 25, 1),
(558, 25, 3),
(559, 25, 6),
(560, 25, 1),
(561, 25, 3),
(562, 25, 6),
(563, 25, 1),
(564, 25, 3),
(565, 25, 5),
(566, 25, 1),
(567, 25, 3),
(568, 25, 5),
(569, 25, 1),
(570, 25, 3),
(571, 25, 6),
(572, 25, 1),
(573, 25, 2),
(574, 25, 5),
(575, 25, 1),
(576, 25, 2),
(577, 25, 5),
(578, 25, 1),
(579, 25, 3),
(580, 25, 5),
(581, 25, 1),
(582, 25, 2),
(583, 25, 5),
(584, 25, 1),
(585, 25, 2),
(586, 25, 4),
(587, 25, 1),
(588, 25, 2),
(589, 25, 6),
(590, 25, 1),
(591, 25, 2),
(592, 25, 6),
(593, 25, 1),
(594, 25, 3),
(595, 25, 4),
(596, 25, 1),
(597, 25, 3),
(598, 25, 5),
(599, 25, 1),
(600, 25, 2),
(601, 25, 6),
(602, 25, 1),
(603, 25, 3),
(604, 25, 4),
(605, 25, 1),
(606, 25, 2),
(607, 25, 5),
(608, 25, 1),
(609, 25, 3),
(610, 25, 6),
(611, 25, 1),
(612, 25, 3),
(613, 25, 6),
(614, 25, 1),
(615, 25, 3),
(616, 25, 5),
(617, 25, 1),
(618, 25, 3),
(619, 25, 4),
(620, 25, 1),
(621, 25, 3),
(622, 25, 5),
(623, 25, 1),
(624, 25, 2),
(625, 25, 5),
(626, 25, 1),
(627, 25, 2),
(628, 25, 6),
(629, 25, 1),
(630, 25, 3),
(631, 25, 4),
(632, 25, 1),
(633, 25, 3),
(634, 25, 5),
(635, 25, 1),
(636, 25, 3),
(637, 25, 4),
(638, 25, 1),
(639, 25, 2),
(640, 25, 5),
(641, 25, 1),
(642, 25, 3),
(643, 25, 4),
(644, 25, 1),
(645, 25, 3),
(646, 25, 5),
(647, 25, 1),
(648, 25, 2),
(649, 25, 5),
(650, 25, 1),
(651, 25, 2),
(652, 25, 4),
(653, 25, 1),
(654, 25, 2),
(655, 25, 4),
(656, 25, 1),
(657, 25, 3),
(658, 25, 4),
(659, 25, 1),
(660, 25, 3),
(661, 25, 4),
(662, 13, 1),
(663, 13, 2),
(664, 13, 4),
(665, 25, 1),
(666, 25, 3),
(667, 25, 5),
(668, 13, 1),
(669, 13, 2),
(670, 13, 5),
(671, 25, 1),
(672, 25, 2),
(673, 25, 6),
(674, 13, 1),
(675, 13, 2),
(676, 13, 5),
(677, 25, 1),
(678, 25, 2),
(679, 25, 6),
(680, 13, 1),
(681, 13, 2),
(682, 13, 4),
(683, 25, 1),
(684, 25, 2),
(685, 25, 5),
(686, 13, 1),
(687, 13, 2),
(688, 13, 4),
(689, 25, 1),
(690, 25, 2),
(691, 25, 6),
(692, 13, 1),
(693, 13, 3),
(694, 13, 4),
(695, 25, 1),
(696, 25, 3),
(697, 25, 5),
(698, 13, 1),
(699, 13, 3),
(700, 13, 5),
(701, 25, 1),
(702, 25, 2),
(703, 25, 4),
(704, 13, 1),
(705, 13, 3),
(706, 13, 6),
(707, 25, 1),
(708, 25, 2),
(709, 25, 5),
(710, 13, 1),
(711, 13, 3),
(712, 13, 6),
(713, 25, 1),
(714, 25, 2),
(715, 25, 6),
(716, 25, 1),
(717, 25, 3),
(718, 25, 5),
(719, 25, 1),
(720, 25, 2),
(721, 25, 4),
(722, 25, 1),
(723, 25, 2),
(724, 25, 6),
(725, 25, 1),
(726, 25, 2),
(727, 25, 4),
(728, 25, 1),
(729, 25, 2),
(730, 25, 4),
(731, 10, 1),
(732, 10, 2),
(733, 10, 4),
(734, 10, 1),
(735, 10, 3),
(736, 10, 6),
(737, 10, 1),
(738, 10, 3),
(739, 10, 4),
(740, 10, 1),
(741, 10, 2),
(742, 10, 5),
(743, 10, 1),
(744, 10, 2),
(745, 10, 4),
(746, 25, 1),
(747, 25, 3),
(748, 25, 5),
(749, 25, 1),
(750, 25, 3),
(751, 25, 6),
(752, 25, 1),
(753, 25, 3),
(754, 25, 5),
(755, 25, 1),
(756, 25, 2),
(757, 25, 5),
(758, 25, 1),
(759, 25, 3),
(760, 25, 5),
(761, 25, 1),
(762, 25, 2),
(763, 25, 6),
(764, 25, 1),
(765, 25, 3),
(766, 25, 5),
(767, 25, 1),
(768, 25, 3),
(769, 25, 6),
(770, 25, 1),
(771, 25, 3),
(772, 25, 5),
(773, 25, 1),
(774, 25, 2),
(775, 25, 4),
(776, 25, 1),
(777, 25, 3),
(778, 25, 4),
(779, 25, 1),
(780, 25, 3),
(781, 25, 6),
(782, 25, 1),
(783, 25, 2),
(784, 25, 6),
(785, 25, 1),
(786, 25, 3),
(787, 25, 4),
(788, 25, 1),
(789, 25, 3),
(790, 25, 4),
(791, 6, 1),
(792, 6, 3),
(793, 6, 6),
(794, 7, 1),
(795, 7, 3),
(796, 7, 5),
(797, 6, 1),
(798, 6, 3),
(799, 6, 4),
(800, 7, 1),
(801, 7, 3),
(802, 7, 4),
(803, 6, 1),
(804, 6, 2),
(805, 6, 5),
(806, 6, 1),
(807, 6, 3),
(808, 6, 5),
(809, 6, 1),
(810, 6, 2),
(811, 6, 6),
(812, 25, 1),
(813, 25, 2),
(814, 25, 5),
(815, 25, 1),
(816, 25, 3),
(817, 25, 5),
(818, 25, 1),
(819, 25, 2),
(820, 25, 6),
(821, 25, 1),
(822, 25, 2),
(823, 25, 6),
(824, 25, 1),
(825, 25, 3),
(826, 25, 4),
(827, 25, 1),
(828, 25, 2),
(829, 25, 6),
(830, 25, 1),
(831, 25, 2),
(832, 25, 6),
(833, 25, 1),
(834, 25, 3),
(835, 25, 6),
(836, 25, 1),
(837, 25, 2),
(838, 25, 5),
(839, 13, 1),
(840, 13, 2),
(841, 13, 6),
(842, 25, 1),
(843, 25, 2),
(844, 25, 4),
(845, 25, 1),
(846, 25, 3),
(847, 25, 4),
(848, 25, 1),
(849, 25, 3),
(850, 25, 4),
(851, 25, 1),
(852, 25, 2),
(853, 25, 4),
(854, 25, 1),
(855, 25, 2),
(856, 25, 5),
(857, 25, 1),
(858, 25, 2),
(859, 25, 4),
(860, 25, 1),
(861, 25, 2),
(862, 25, 6),
(863, 25, 1),
(864, 25, 2),
(865, 25, 4),
(866, 25, 1),
(867, 25, 3),
(868, 25, 5),
(869, 25, 1),
(870, 25, 3),
(871, 25, 4),
(872, 25, 1),
(873, 25, 2),
(874, 25, 5),
(875, 25, 1),
(876, 25, 2),
(877, 25, 5),
(878, 25, 1),
(879, 25, 2),
(880, 25, 4),
(881, 25, 1),
(882, 25, 2),
(883, 25, 5),
(884, 6, 1),
(885, 6, 3),
(886, 6, 4),
(887, 6, 1),
(888, 6, 3),
(889, 6, 5),
(890, 22, 1),
(891, 22, 2),
(892, 22, 6),
(893, 25, 1),
(894, 25, 3),
(895, 25, 5),
(896, 25, 1),
(897, 25, 2),
(898, 25, 6),
(899, 25, 1),
(900, 25, 3),
(901, 25, 4),
(902, 25, 1),
(903, 25, 3),
(904, 25, 4),
(905, 25, 1),
(906, 25, 2),
(907, 25, 5),
(908, 25, 1),
(909, 25, 2),
(910, 25, 6),
(911, 25, 1),
(912, 25, 3),
(913, 25, 5),
(914, 25, 1),
(915, 25, 2),
(916, 25, 4),
(917, 25, 1),
(918, 25, 3),
(919, 25, 6),
(920, 25, 1),
(921, 25, 3),
(922, 25, 5),
(923, 25, 1),
(924, 25, 3),
(925, 25, 5),
(926, 25, 1),
(927, 25, 3),
(928, 25, 6),
(929, 25, 1),
(930, 25, 2),
(931, 25, 4),
(932, 25, 1),
(933, 25, 3),
(934, 25, 5),
(935, 25, 1),
(936, 25, 2),
(937, 25, 4),
(938, 25, 1),
(939, 25, 2),
(940, 25, 4),
(941, 25, 1),
(942, 25, 2),
(943, 25, 5),
(944, 25, 1),
(945, 25, 2),
(946, 25, 6),
(947, 25, 1),
(948, 25, 3),
(949, 25, 4),
(950, 25, 1),
(951, 25, 2),
(952, 25, 5),
(953, 25, 1),
(954, 25, 2),
(955, 25, 4),
(956, 25, 1),
(957, 25, 3),
(958, 25, 5),
(959, 25, 1),
(960, 25, 2),
(961, 25, 5),
(962, 6, 1),
(963, 6, 3),
(964, 6, 4),
(965, 25, 1),
(966, 25, 3),
(967, 25, 6),
(968, 25, 1),
(969, 25, 2),
(970, 25, 4),
(971, 25, 1),
(972, 25, 2),
(973, 25, 6),
(974, 25, 1),
(975, 25, 3),
(976, 25, 6),
(977, 25, 1),
(978, 25, 3),
(979, 25, 4),
(980, 25, 1),
(981, 25, 2),
(982, 25, 4),
(983, 25, 1),
(984, 25, 3),
(985, 25, 5),
(986, 25, 1),
(987, 25, 3),
(988, 25, 5),
(989, 25, 1),
(990, 25, 2),
(991, 25, 6),
(992, 25, 1),
(993, 25, 2),
(994, 25, 6),
(995, 25, 1),
(996, 25, 3),
(997, 25, 6),
(998, 25, 1),
(999, 25, 3),
(1000, 25, 6),
(1001, 25, 1),
(1002, 25, 3),
(1003, 25, 6),
(1004, 25, 1),
(1005, 25, 3),
(1006, 25, 6),
(1007, 25, 1),
(1008, 25, 3),
(1009, 25, 5),
(1010, 25, 1),
(1011, 25, 2),
(1012, 25, 4),
(1013, 25, 1),
(1014, 25, 2),
(1015, 25, 6),
(1016, 25, 1),
(1017, 25, 3),
(1018, 25, 4),
(1019, 25, 1),
(1020, 25, 2),
(1021, 25, 5),
(1022, 25, 1),
(1023, 25, 2),
(1024, 25, 6),
(1025, 25, 1),
(1026, 25, 3),
(1027, 25, 5),
(1028, 25, 1),
(1029, 25, 3),
(1030, 25, 5),
(1031, 25, 1),
(1032, 25, 2),
(1033, 25, 6),
(1034, 25, 1),
(1035, 25, 2),
(1036, 25, 5),
(1037, 25, 1),
(1038, 25, 3),
(1039, 25, 4),
(1040, 25, 1),
(1041, 25, 2),
(1042, 25, 6),
(1043, 25, 1),
(1044, 25, 2),
(1045, 25, 4),
(1046, 25, 1),
(1047, 25, 3),
(1048, 25, 6),
(1049, 25, 1),
(1050, 25, 2),
(1051, 25, 4),
(1052, 25, 1),
(1053, 25, 3),
(1054, 25, 5),
(1055, 25, 1),
(1056, 25, 2),
(1057, 25, 5),
(1058, 25, 1),
(1059, 25, 3),
(1060, 25, 5),
(1061, 25, 1),
(1062, 25, 2),
(1063, 25, 4),
(1064, 6, 1),
(1065, 6, 3),
(1066, 6, 6),
(1067, 25, 1),
(1068, 25, 2),
(1069, 25, 5),
(1070, 6, 1),
(1071, 6, 3),
(1072, 6, 6),
(1073, 6, 1),
(1074, 6, 2),
(1075, 6, 4),
(1076, 6, 1),
(1077, 6, 2),
(1078, 6, 5),
(1079, 6, 1),
(1080, 6, 3),
(1081, 6, 6),
(1082, 6, 1),
(1083, 6, 3),
(1084, 6, 4),
(1085, 22, 1),
(1086, 22, 2),
(1087, 22, 4),
(1088, 22, 1),
(1089, 22, 3),
(1090, 22, 4),
(1091, 13, 1),
(1092, 13, 3),
(1093, 13, 5),
(1094, 13, 1),
(1095, 13, 3),
(1096, 13, 5),
(1097, 13, 1),
(1098, 13, 2),
(1099, 13, 5),
(1100, 25, 1),
(1101, 25, 3),
(1102, 25, 6),
(1103, 24, 1),
(1104, 24, 3),
(1105, 24, 4),
(1106, 24, 1),
(1107, 24, 2),
(1108, 24, 6),
(1109, 10, 1),
(1110, 10, 2),
(1111, 10, 6),
(1112, 4, 1),
(1113, 4, 3),
(1114, 4, 4),
(1115, 24, 1),
(1116, 24, 3),
(1117, 24, 5),
(1118, 23, 1),
(1119, 23, 3),
(1120, 23, 6),
(1121, 2, 1),
(1122, 2, 3),
(1123, 2, 5),
(1124, 24, 1),
(1125, 24, 3),
(1126, 24, 6),
(1127, 24, 1),
(1128, 24, 2),
(1129, 24, 4),
(1130, 24, 1),
(1131, 24, 3),
(1132, 24, 6),
(1133, 23, 1),
(1134, 23, 2),
(1135, 23, 4),
(1136, 23, 1),
(1137, 23, 2),
(1138, 23, 4),
(1139, 23, 1),
(1140, 23, 2),
(1141, 23, 5),
(1142, 25, 1),
(1143, 25, 3),
(1144, 25, 6),
(1145, 22, 1),
(1146, 22, 3),
(1147, 22, 5),
(1148, 24, 1),
(1149, 24, 3),
(1150, 24, 5),
(1151, 4, 1),
(1152, 4, 2),
(1153, 4, 6),
(1154, 17, 1),
(1155, 17, 2),
(1156, 17, 5),
(1157, 16, 1),
(1158, 16, 2),
(1159, 16, 6),
(1160, 25, 1),
(1161, 25, 3),
(1162, 25, 5),
(1163, 9, 1),
(1164, 9, 2),
(1165, 9, 6),
(1166, 9, 1),
(1167, 9, 3),
(1168, 9, 5),
(1169, 9, 1),
(1170, 9, 3),
(1171, 9, 4),
(1172, 6, 1),
(1173, 6, 2),
(1174, 6, 5),
(1175, 7, 1),
(1176, 7, 2),
(1177, 7, 4),
(1178, 27, 1),
(1179, 27, 2),
(1180, 27, 6),
(1181, 11, 1),
(1182, 11, 2),
(1183, 11, 6),
(1184, 18, 1),
(1185, 18, 2),
(1186, 18, 4),
(1187, 2, 1),
(1188, 2, 3),
(1189, 2, 4),
(1190, 30, 1),
(1191, 30, 2),
(1192, 30, 6),
(1193, 5, 1),
(1194, 5, 3),
(1195, 5, 5),
(1196, 12, 1),
(1197, 12, 2),
(1198, 12, 4),
(1199, 1, 1),
(1200, 1, 2),
(1201, 1, 6),
(1202, 19, 1),
(1203, 19, 2),
(1204, 19, 4),
(1205, 26, 1),
(1206, 26, 2),
(1207, 26, 6),
(1208, 32, 1),
(1209, 32, 3),
(1210, 32, 6),
(1211, 6, 1),
(1212, 6, 2),
(1213, 6, 6),
(1214, 7, 1),
(1215, 7, 3),
(1216, 7, 5),
(1217, 27, 1),
(1218, 27, 2),
(1219, 27, 5),
(1220, 11, 1),
(1221, 11, 2),
(1222, 11, 4),
(1223, 18, 1),
(1224, 18, 2),
(1225, 18, 4),
(1226, 30, 1),
(1227, 30, 3),
(1228, 30, 6),
(1229, 12, 1),
(1230, 12, 2),
(1231, 12, 4),
(1232, 5, 1),
(1233, 5, 3),
(1234, 5, 5),
(1235, 19, 1),
(1236, 19, 2),
(1237, 19, 5),
(1238, 26, 1),
(1239, 26, 2),
(1240, 26, 6),
(1241, 32, 1),
(1242, 32, 2),
(1243, 32, 5),
(1244, 7, 1),
(1245, 7, 3),
(1246, 7, 6),
(1247, 30, 1),
(1248, 30, 3),
(1249, 30, 6),
(1250, 32, 1),
(1251, 32, 3),
(1252, 32, 5),
(1253, 5, 1),
(1254, 5, 2),
(1255, 5, 4),
(1256, 19, 1),
(1257, 19, 3),
(1258, 19, 5),
(1259, 7, 1),
(1260, 7, 3),
(1261, 7, 5),
(1262, 6, 1),
(1263, 6, 2),
(1264, 6, 6),
(1265, 6, 1),
(1266, 6, 3),
(1267, 6, 6),
(1268, 6, 1),
(1269, 6, 3),
(1270, 6, 6),
(1271, 6, 1),
(1272, 6, 2),
(1273, 6, 4),
(1274, 2, 1),
(1275, 2, 3),
(1276, 2, 5),
(1277, 2, 1),
(1278, 2, 2),
(1279, 2, 6),
(1280, 6, 1),
(1281, 6, 3),
(1282, 6, 5),
(1283, 23, 1),
(1284, 23, 2),
(1285, 23, 5),
(1286, 19, 1),
(1287, 19, 3),
(1288, 19, 6),
(1289, 16, 1),
(1290, 16, 2),
(1291, 16, 4),
(1292, 1, 1),
(1293, 1, 2),
(1294, 1, 5),
(1295, 32, 1),
(1296, 32, 3),
(1297, 32, 4),
(1298, 27, 1),
(1299, 27, 3),
(1300, 27, 4),
(1301, 2, 1),
(1302, 2, 2),
(1303, 2, 5),
(1304, 2, 1),
(1305, 2, 3),
(1306, 2, 6),
(1307, 25, 1),
(1308, 25, 3),
(1309, 25, 4),
(1310, 25, 1),
(1311, 25, 2),
(1312, 25, 6),
(1313, 22, 1),
(1314, 22, 3),
(1315, 22, 6),
(1316, 27, 1),
(1317, 27, 2),
(1318, 27, 5),
(1319, 24, 1),
(1320, 24, 2),
(1321, 24, 4),
(1322, 24, 1),
(1323, 24, 3),
(1324, 24, 6),
(1325, 24, 1),
(1326, 24, 2),
(1327, 24, 4),
(1328, 32, 1),
(1329, 32, 2),
(1330, 32, 5),
(1331, 26, 1),
(1332, 26, 2),
(1333, 26, 5),
(1334, 1, 1),
(1335, 1, 2),
(1336, 1, 5),
(1337, 25, 1),
(1338, 25, 2),
(1339, 25, 4),
(1340, 7, 1),
(1341, 7, 2),
(1342, 7, 4),
(1343, 7, 1),
(1344, 7, 3),
(1345, 7, 4),
(1346, 24, 1),
(1347, 24, 2),
(1348, 24, 4),
(1349, 32, 1),
(1350, 32, 3),
(1351, 32, 6),
(1352, 33, 1),
(1353, 33, 2),
(1354, 33, 5),
(1355, 33, 1),
(1356, 33, 3),
(1357, 33, 4),
(1358, 33, 1),
(1359, 33, 2),
(1360, 33, 5),
(1361, 24, 1),
(1362, 24, 3),
(1363, 24, 6),
(1364, 24, 1),
(1365, 24, 3),
(1366, 24, 5),
(1367, 24, 1),
(1368, 24, 3),
(1369, 24, 5),
(1370, 24, 1),
(1371, 24, 2),
(1372, 24, 4),
(1373, 24, 1),
(1374, 24, 3),
(1375, 24, 4),
(1376, 6, 1),
(1377, 6, 2),
(1378, 6, 6),
(1379, 6, 1),
(1380, 6, 2),
(1381, 6, 6),
(1382, 6, 1),
(1383, 6, 3),
(1384, 6, 4),
(1385, 25, 1),
(1386, 25, 3),
(1387, 25, 6),
(1388, 13, 1),
(1389, 13, 3),
(1390, 13, 4),
(1391, 27, 1),
(1392, 27, 2),
(1393, 27, 5),
(1394, 16, 1),
(1395, 16, 3),
(1396, 16, 6),
(1397, 13, 1),
(1398, 13, 2),
(1399, 13, 5),
(1400, 32, 1),
(1401, 32, 3),
(1402, 32, 4),
(1403, 25, 1),
(1404, 25, 2),
(1405, 25, 6),
(1406, 25, 1),
(1407, 25, 3),
(1408, 25, 5),
(1409, 24, 1),
(1410, 24, 3),
(1411, 24, 5),
(1412, 25, 1),
(1413, 25, 2),
(1414, 25, 6),
(1415, 25, 1),
(1416, 25, 2),
(1417, 25, 6),
(1418, 25, 1),
(1419, 25, 3),
(1420, 25, 4),
(1421, 25, 1),
(1422, 25, 2),
(1423, 25, 4),
(1424, 25, 1),
(1425, 25, 2),
(1426, 25, 6),
(1427, 25, 1),
(1428, 25, 3),
(1429, 25, 6),
(1430, 25, 1),
(1431, 25, 3),
(1432, 25, 5),
(1433, 25, 1),
(1434, 25, 3),
(1435, 25, 5),
(1436, 25, 1),
(1437, 25, 3),
(1438, 25, 5),
(1439, 25, 1),
(1440, 25, 3),
(1441, 25, 6),
(1442, 25, 1),
(1443, 25, 3),
(1444, 25, 6),
(1445, 25, 1),
(1446, 25, 2),
(1447, 25, 4),
(1448, 25, 1),
(1449, 25, 3),
(1450, 25, 5),
(1451, 25, 1),
(1452, 25, 2),
(1453, 25, 6),
(1454, 25, 1),
(1455, 25, 3),
(1456, 25, 5),
(1457, 25, 1),
(1458, 25, 2),
(1459, 25, 4),
(1460, 25, 1),
(1461, 25, 2),
(1462, 25, 4),
(1463, 25, 1),
(1464, 25, 3),
(1465, 25, 5),
(1466, 25, 1),
(1467, 25, 3),
(1468, 25, 4),
(1469, 25, 1),
(1470, 25, 2),
(1471, 25, 6),
(1472, 25, 1),
(1473, 25, 2),
(1474, 25, 6),
(1475, 26, 1),
(1476, 26, 2),
(1477, 26, 4),
(1478, 33, 1),
(1479, 33, 2),
(1480, 33, 5),
(1481, 27, 1),
(1482, 27, 3),
(1483, 27, 6),
(1484, 13, 1),
(1485, 13, 2),
(1486, 13, 5),
(1487, 25, 1),
(1488, 25, 3),
(1489, 25, 5),
(1490, 22, 1),
(1491, 22, 3),
(1492, 22, 4),
(1493, 25, 1),
(1494, 25, 2),
(1495, 25, 6),
(1496, 25, 1),
(1497, 25, 3),
(1498, 25, 5),
(1499, 25, 1),
(1500, 25, 3),
(1501, 25, 5),
(1502, 25, 1),
(1503, 25, 2),
(1504, 25, 6),
(1505, 27, 1),
(1506, 27, 3),
(1507, 27, 6),
(1508, 27, 1),
(1509, 27, 3),
(1510, 27, 6),
(1511, 25, 1),
(1512, 25, 2),
(1513, 25, 6),
(1514, 25, 1),
(1515, 25, 2),
(1516, 25, 6),
(1517, 25, 1),
(1518, 25, 3),
(1519, 25, 5),
(1520, 25, 1),
(1521, 25, 2),
(1522, 25, 6),
(1523, 22, 1),
(1524, 22, 2),
(1525, 22, 5),
(1526, 22, 1),
(1527, 22, 3),
(1528, 22, 4),
(1529, 25, 1),
(1530, 25, 3),
(1531, 25, 6),
(1532, 25, 1),
(1533, 25, 3),
(1534, 25, 5),
(1535, 25, 1),
(1536, 25, 3),
(1537, 25, 5),
(1538, 27, 1),
(1539, 27, 2),
(1540, 27, 4),
(1541, 25, 1),
(1542, 25, 3),
(1543, 25, 6),
(1544, 22, 1),
(1545, 22, 2),
(1546, 22, 6),
(1547, 25, 1),
(1548, 25, 3),
(1549, 25, 5),
(1550, 27, 1),
(1551, 27, 3),
(1552, 27, 5),
(1553, 27, 1),
(1554, 27, 3),
(1555, 27, 5),
(1556, 27, 1),
(1557, 27, 3),
(1558, 27, 4),
(1559, 25, 1),
(1560, 25, 3),
(1561, 25, 6),
(1562, 25, 1),
(1563, 25, 2),
(1564, 25, 4),
(1565, 25, 1),
(1566, 25, 3),
(1567, 25, 6),
(1568, 25, 0),
(1569, 25, 1),
(1570, 25, 3),
(1571, 25, 6),
(1572, 25, 0),
(1573, 25, 1),
(1574, 25, 2),
(1575, 25, 5),
(1576, 25, 0),
(1577, 25, 1),
(1578, 25, 3),
(1579, 25, 5),
(1580, 25, 0),
(1581, 25, 1),
(1582, 25, 2),
(1583, 25, 5),
(1584, 25, 0),
(1585, 25, 1),
(1586, 25, 3),
(1587, 25, 4),
(1588, 25, 0),
(1589, 25, 1),
(1590, 25, 3),
(1591, 25, 4),
(1592, 25, 0),
(1593, 25, 1),
(1594, 25, 2),
(1595, 25, 4),
(1596, 25, 0),
(1597, 25, 1),
(1598, 25, 3),
(1599, 25, 6),
(1600, 0, 0),
(1601, 0, 1),
(1602, 0, 2),
(1603, 0, 5),
(1604, 22, 1),
(1605, 22, 3),
(1606, 22, 5),
(1607, 7, 1),
(1608, 7, 3),
(1609, 7, 4),
(1610, 0, 0),
(1611, 0, 1),
(1612, 0, 2),
(1613, 0, 4),
(1614, 25, 1),
(1615, 25, 3),
(1616, 25, 4),
(1617, 25, 1),
(1618, 25, 2),
(1619, 25, 4),
(1620, 25, 1),
(1621, 25, 2),
(1622, 25, 5),
(1623, 25, 1),
(1624, 25, 2),
(1625, 25, 5),
(1626, 25, 1),
(1627, 25, 3),
(1628, 25, 6),
(1629, 25, 1),
(1630, 25, 2),
(1631, 25, 6),
(1632, 25, 1),
(1633, 25, 3),
(1634, 25, 6),
(1635, 25, 1),
(1636, 25, 3),
(1637, 25, 6),
(1638, 25, 1),
(1639, 25, 3),
(1640, 25, 4),
(1641, 25, 1),
(1642, 25, 2),
(1643, 25, 5),
(1644, 25, 1),
(1645, 25, 2),
(1646, 25, 5),
(1647, 25, 1),
(1648, 25, 3),
(1649, 25, 4),
(1650, 27, 1),
(1651, 27, 2),
(1652, 27, 6),
(1653, 13, 1),
(1654, 13, 3),
(1655, 13, 4),
(1656, 16, 1),
(1657, 16, 2),
(1658, 16, 5),
(1659, 25, 1),
(1660, 25, 3),
(1661, 25, 5),
(1662, 25, 1),
(1663, 25, 2),
(1664, 25, 4),
(1665, 25, 1),
(1666, 25, 3),
(1667, 25, 5),
(1668, 25, 1),
(1669, 25, 2),
(1670, 25, 4),
(1671, 25, 1),
(1672, 25, 3),
(1673, 25, 6),
(1674, 25, 1),
(1675, 25, 3),
(1676, 25, 6),
(1677, 25, 1),
(1678, 25, 3),
(1679, 25, 5),
(1680, 25, 1),
(1681, 25, 3),
(1682, 25, 6),
(1683, 25, 1),
(1684, 25, 2),
(1685, 25, 6),
(1686, 25, 1),
(1687, 25, 3),
(1688, 25, 6),
(1689, 25, 1),
(1690, 25, 3),
(1691, 25, 6),
(1692, 25, 1),
(1693, 25, 3),
(1694, 25, 5),
(1695, 25, 1),
(1696, 25, 3),
(1697, 25, 4),
(1698, 24, 1),
(1699, 24, 3),
(1700, 24, 6),
(1701, 25, 1),
(1702, 25, 2),
(1703, 25, 6),
(1704, 25, 1),
(1705, 25, 2),
(1706, 25, 5);

-- --------------------------------------------------------

--
-- Table structure for table `dc_parse_data`
--

CREATE TABLE `dc_parse_data` (
  `id` int(11) NOT NULL,
  `domain_id` int(11) NOT NULL,
  `alexa_rank` json DEFAULT NULL,
  `whois` json DEFAULT NULL,
  `geo` json DEFAULT NULL,
  `reverse_ip` json DEFAULT NULL,
  `alexa_map` json DEFAULT NULL,
  `traffic` json DEFAULT NULL
) ENGINE=InnoDB DEFAULT CHARSET=utf8;

--
-- Dumping data for table `dc_parse_data`
--

INSERT INTO `dc_parse_data` (`id`, `domain_id`, `alexa_rank`, `whois`, `geo`, `reverse_ip`, `alexa_map`, `traffic`) VALUES
(1, 25, '{\"0\": {\"0\": \"1361743\"}, \"1\": {\"0\": \"-1009423\"}, \"2\": {\"0\": \"576970\"}, \"dinamik\": \"Improved\"}', '{\"\\r\\n\": null, \"\\r\\n   DNSSEC\": \" unsigned\", \"\\r\\n   Registrar\": \" eNom, Inc.\", \"   Domain Name\": \" BOB.COM\", \"\\r\\n   Name Server\": \" DNS5.NAME-SERVICES.COM\", \"\\r\\n   Updated Date\": \" 2017-03-03T12\", \"\\r\\n   Creation Date\": \" 1994-12-20T05\", \"\\r\\n   Domain Status\": \" clientTransferProhibited https\", \"\\r\\n   Registrar URL\": \" http\", \"\\r\\n   Registrar IANA ID\": \" 48\", \"\\r\\n   Registry Domain ID\": \" 564087_DOMAIN_COM-VRSN\", \"\\r\\n   Registry Expiry Date\": \" 2017-12-16T16\", \"\\r\\n   Registrar WHOIS Server\": \" whois.enom.com\", \"\\r\\n   Registrar Abuse Contact Email\": \"\", \"\\r\\n   Registrar Abuse Contact Phone\": \"\", \"\\r\\n   URL of the ICANN Whois Inaccuracy Complaint Form\": \" https\"}', '{\"geoplugin_city\": \"Kirkland\", \"geoplugin_credit\": \"Some of the returned data includes GeoLite data created by MaxMind, available from <a href=\\\\\'http://www.maxmind.com\\\\\'>http://www.maxmind.com</a>.\", \"geoplugin_region\": \"WA\", \"geoplugin_status\": 200, \"geoplugin_dmaCode\": \"819\", \"geoplugin_request\": \"98.124.251.69\", \"geoplugin_areaCode\": \"425\", \"geoplugin_latitude\": \"47.6727\", \"geoplugin_longitude\": \"-122.1873\", \"geoplugin_regionCode\": \"WA\", \"geoplugin_regionName\": \"Washington\", \"geoplugin_countryCode\": \"US\", \"geoplugin_countryName\": \"United States\", \"geoplugin_currencyCode\": \"USD\", \"geoplugin_continentCode\": \"NA\", \"geoplugin_currencySymbol\": \"&#36;\", \"geoplugin_currencyConverter\": \"1\", \"geoplugin_currencySymbol_UTF8\": \"$\"}', '[\"bob.com\", \"discovercolumbiacounty.com\", \"reachword.com\", \"macforth.com\", \"encyberpedia.com\", \"zverige.com\", \"toybrothel.com\", \"jonahrocks.com\", \"lawandfreedom.com\", \"rgakc.com\"]', '\"if(!ALEXA)\\nvar ALEXA={viewsHelpers:{}};\\nif(!ALEXA.viewsHelpers.map)\\nALEXA.viewsHelpers.map={};\\nALEXA.viewsHelpers.map.div= \\\"visitsMap\\\";\\nALEXA.viewsHelpers.map.areas=[\\n{title:\\\"United States: 38%\\\",id:\\\"US\\\",value:\\\"3.58\\\"}];\\n\"', '{\"2017-05-01\": 19109, \"2017-06-01\": 14751, \"2017-07-01\": 9326, \"2017-08-01\": 12680, \"2017-09-01\": 17448, \"2017-10-01\": 126601}'),
(4, 13, '{\"0\": \"-\", \"1\": \"-\", \"2\": \"-\", \"dinamik\": \"Improved\"}', '{\"\\r\\n\": null, \"\\r\\n   DNSSEC\": \" unsigned\", \"\\r\\n   Registrar\": \" Flancrestdomains.com LLC\", \"   Domain Name\": \" DSSPAIN.COM\", \"\\r\\n   Name Server\": \" NS2626.ZTOMY.COM\", \"\\r\\n   Updated Date\": \" 2017-08-03T16\", \"\\r\\n   Creation Date\": \" 2014-04-17T18\", \"\\r\\n   Domain Status\": \" clientTransferProhibited https\", \"\\r\\n   Registrar URL\": \" http\", \"\\r\\n   Registrar IANA ID\": \" 1208\", \"\\r\\n   Registry Domain ID\": \" 1855123632_DOMAIN_COM-VRSN\", \"\\r\\n   Registry Expiry Date\": \" 2018-04-17T18\", \"\\r\\n   Registrar WHOIS Server\": \" whois.web.com\", \"\\r\\n   Registrar Abuse Contact Email\": \" abuse@web.com\", \"\\r\\n   Registrar Abuse Contact Phone\": \" +1.8003337680\", \"\\r\\n   URL of the ICANN Whois Inaccuracy Complaint Form\": \" https\"}', '{\"geoplugin_city\": null, \"geoplugin_credit\": \"Some of the returned data includes GeoLite data created by MaxMind, available from <a href=\\\\\'http://www.maxmind.com\\\\\'>http://www.maxmind.com</a>.\", \"geoplugin_region\": null, \"geoplugin_status\": 404, \"geoplugin_dmaCode\": null, \"geoplugin_request\": \"192.168.1.14\", \"geoplugin_areaCode\": null, \"geoplugin_latitude\": null, \"geoplugin_longitude\": null, \"geoplugin_regionCode\": null, \"geoplugin_regionName\": \"\", \"geoplugin_countryCode\": null, \"geoplugin_countryName\": null, \"geoplugin_currencyCode\": null, \"geoplugin_continentCode\": null, \"geoplugin_currencySymbol\": null, \"geoplugin_currencyConverter\": \"0\", \"geoplugin_currencySymbol_UTF8\": \"\"}', '[\"topfansgames.com\", \"tracksrv.com\", \"survey-central.deadlyblessing.com\", \"surveycentral.deadlyblessing.com\", \"live.cashmachines2.com\", \"online.loginwinner.com\", \"freemoviesonline.movieseach.com\", \"moviesonline.movieseach.com\", \"watch-4free.movieseach.com\", \"click.sureonlinefind.com\"]', '\"if(!ALEXA)\\nvar ALEXA={viewsHelpers:{}};\\nif(!ALEXA.viewsHelpers.map)\\nALEXA.viewsHelpers.map={};\\nALEXA.viewsHelpers.map.div= \\\"visitsMap\\\";\\nALEXA.viewsHelpers.map.areas=[\\n];\\n\"', '{}'),
(6, 24, '{\"0\": \"-\", \"1\": \"-\", \"2\": \"-\", \"dinamik\": \"Improved\"}', '{\"\\n\": null, \"\\norg\": \"           MGL Mail.ru Internet Assets Limited\", \"\\nstate\": \"         REGISTERED, DELEGATED, VERIFIED\", \"\\n% http\": \"//www.ripn.net/about/en/servpol.html#3.2 (in English).\", \"\\ndomain\": \"        MAIL.RU\", \"\\nsource\": \"        TCI\", \"\\ncreated\": \"       1997-09-27T14\", \"\\nnserver\": \"       ns3.mail.ru. 185.30.176.202\", \"\\nfree-date\": \"     2018-11-01\", \"\\npaid-till\": \"     2018-09-30T21\", \"\\nregistrar\": \"     RU-CENTER-RU\", \"\\nadmin-contact\": \" https\", \"\\nLast updated on 2017-11-15T09\": \"11\", \"% By submitting a query to RIPN\'s Whois Service\": null, \"\\n% you agree to abide by the following terms of use\": \"\"}', '{\"geoplugin_city\": \"\", \"geoplugin_credit\": \"Some of the returned data includes GeoLite data created by MaxMind, available from <a href=\\\\\'http://www.maxmind.com\\\\\'>http://www.maxmind.com</a>.\", \"geoplugin_region\": \"\", \"geoplugin_status\": 206, \"geoplugin_dmaCode\": \"0\", \"geoplugin_request\": \"217.69.139.200\", \"geoplugin_areaCode\": \"0\", \"geoplugin_latitude\": \"55.7386\", \"geoplugin_longitude\": \"37.6068\", \"geoplugin_regionCode\": \"\", \"geoplugin_regionName\": \"\", \"geoplugin_countryCode\": \"RU\", \"geoplugin_countryName\": \"Russian Federation\", \"geoplugin_currencyCode\": \"RUB\", \"geoplugin_continentCode\": \"EU\", \"geoplugin_currencySymbol\": \"&#1088;&#1091;&#1073;\", \"geoplugin_currencyConverter\": \"60.336\", \"geoplugin_currencySymbol_UTF8\": \"руб\"}', '[\"goshka.mail.ru\", \"mail.ru\"]', '\"if(!ALEXA)\\nvar ALEXA={viewsHelpers:{}};\\nif(!ALEXA.viewsHelpers.map)\\nALEXA.viewsHelpers.map={};\\nALEXA.viewsHelpers.map.div= \\\"visitsMap\\\";\\nALEXA.viewsHelpers.map.areas=[\\n{title:\\\"Russia: 47.8%\\\",id:\\\"RU\\\",value:\\\"3.68\\\"},\\n{title:\\\"Germany: 9.3%\\\",id:\\\"DE\\\",value:\\\"2.97\\\"},\\n{title:\\\"Kazakhstan: 6.7%\\\",id:\\\"KZ\\\",value:\\\"2.83\\\"},\\n{title:\\\"Azerbaijan: 3.9%\\\",id:\\\"AZ\\\",value:\\\"2.59\\\"},\\n{title:\\\"China: 2.5%\\\",id:\\\"CN\\\",value:\\\"2.4\\\"}];\\n\"', '{\"2017-05-01\": 2197793432, \"2017-06-01\": 2049697361, \"2017-07-01\": 1996822416, \"2017-08-01\": 1982960172, \"2017-09-01\": 1899407041, \"2017-10-01\": 2007080506}'),
(8, 4, '{\"0\": {\"0\": \"4623364\"}, \"1\": {\"0\": \"+381840\"}, \"2\": {\"0\": \"91416\"}, \"dinamik\": \"Declined\"}', '{\"\\r\\n\": null, \"\\r\\n   DNSSEC\": \" unsigned\", \"\\r\\n   Registrar\": \" CV. Rumahweb Indonesia\", \"   Domain Name\": \" TOYAWATER.COM\", \"\\r\\n   Name Server\": \" NS4.RUMAHWEB.NET\", \"\\r\\n   Updated Date\": \" 2017-11-03T11\", \"\\r\\n   Creation Date\": \" 2014-11-06T08\", \"\\r\\n   Domain Status\": \" clientTransferProhibited https\", \"\\r\\n   Registrar URL\": \" http\", \"\\r\\n   Registrar IANA ID\": \" 1675\", \"\\r\\n   Registry Domain ID\": \" 1883890166_DOMAIN_COM-VRSN\", \"\\r\\n   Registry Expiry Date\": \" 2018-11-06T08\", \"\\r\\n   Registrar WHOIS Server\": \" whois.rumahweb.com\", \"\\r\\n   Registrar Abuse Contact Email\": \" abuse@rumahweb.co.id\", \"\\r\\n   Registrar Abuse Contact Phone\": \" +62.274882257\", \"\\r\\n   URL of the ICANN Whois Inaccuracy Complaint Form\": \" https\"}', '{\"geoplugin_city\": \"Yogyakarta\", \"geoplugin_credit\": \"Some of the returned data includes GeoLite data created by MaxMind, available from <a href=\\\\\'http://www.maxmind.com\\\\\'>http://www.maxmind.com</a>.\", \"geoplugin_region\": \"Yogyakarta\", \"geoplugin_status\": 200, \"geoplugin_dmaCode\": \"0\", \"geoplugin_request\": \"103.247.10.166\", \"geoplugin_areaCode\": \"0\", \"geoplugin_latitude\": \"-7.7828\", \"geoplugin_longitude\": \"110.3608\", \"geoplugin_regionCode\": \"10\", \"geoplugin_regionName\": \"Yogyakarta\", \"geoplugin_countryCode\": \"ID\", \"geoplugin_countryName\": \"Indonesia\", \"geoplugin_currencyCode\": \"IDR\", \"geoplugin_continentCode\": \"AS\", \"geoplugin_currencySymbol\": \"&#82;&#112;\", \"geoplugin_currencyConverter\": \"13540\", \"geoplugin_currencySymbol_UTF8\": \"Rp\"}', '[\"unisan.ac.id\", \"opsigo.com\", \"septictankfibreglass.com\", \"watchdoc.co.id\", \"rumahan.net\", \"alatbantusexterpercaya.com\", \"intainstitute.com\", \"shaftindoenergi.co.id\", \"disnakkan.inhukab.go.id\", \"iix40-1.rumahweb.com\"]', '\"if(!ALEXA)\\nvar ALEXA={viewsHelpers:{}};\\nif(!ALEXA.viewsHelpers.map)\\nALEXA.viewsHelpers.map={};\\nALEXA.viewsHelpers.map.div= \\\"visitsMap\\\";\\nALEXA.viewsHelpers.map.areas=[\\n{title:\\\"Indonesia: 100%\\\",id:\\\"ID\\\",value:\\\"4\\\"}];\\n\"', '{}'),
(9, 23, '{\"0\": \"-\", \"1\": \"-\", \"2\": \"-\", \"dinamik\": \"Improved\"}', '{\"\\r\\n\": null, \"\\r\\n   DNSSEC\": \" unsigned\", \"\\r\\n   Registrar\": \" DomainLocal LLC\", \"   Domain Name\": \" PALMAL.COM\", \"\\r\\n   Name Server\": \" NSG2.NAMEBRIGHTDNS.COM\", \"\\r\\n   Updated Date\": \" 2017-03-07T08\", \"\\r\\n   Creation Date\": \" 2014-03-06T19\", \"\\r\\n   Domain Status\": \" clientTransferProhibited https\", \"\\r\\n   Registrar URL\": \" http\", \"\\r\\n   Registrar IANA ID\": \" 1529\", \"\\r\\n   Registry Domain ID\": \" 1849423582_DOMAIN_COM-VRSN\", \"\\r\\n   Registry Expiry Date\": \" 2018-03-06T19\", \"\\r\\n   Registrar WHOIS Server\": \" whois.namebright.com\", \"\\r\\n   Registrar Abuse Contact Email\": \"\", \"\\r\\n   Registrar Abuse Contact Phone\": \"\", \"\\r\\n   URL of the ICANN Whois Inaccuracy Complaint Form\": \" https\"}', '{\"geoplugin_city\": \"Ashburn\", \"geoplugin_credit\": \"Some of the returned data includes GeoLite data created by MaxMind, available from <a href=\\\\\'http://www.maxmind.com\\\\\'>http://www.maxmind.com</a>.\", \"geoplugin_region\": \"VA\", \"geoplugin_status\": 200, \"geoplugin_dmaCode\": \"511\", \"geoplugin_request\": \"52.71.185.125\", \"geoplugin_areaCode\": \"703\", \"geoplugin_latitude\": \"39.0481\", \"geoplugin_longitude\": \"-77.4728\", \"geoplugin_regionCode\": \"VA\", \"geoplugin_regionName\": \"Virginia\", \"geoplugin_countryCode\": \"US\", \"geoplugin_countryName\": \"United States\", \"geoplugin_currencyCode\": \"USD\", \"geoplugin_continentCode\": \"NA\", \"geoplugin_currencySymbol\": \"&#36;\", \"geoplugin_currencyConverter\": \"1\", \"geoplugin_currencySymbol_UTF8\": \"$\"}', '[\"dobokep.com\", \"watapun.com\", \"newtabi.com\", \"megaupvelox.com\", \"hiruvision.com\", \"crackpk.com\", \"quoara.com\", \"apksmania.com\", \"easykhaana.com\", \"bugiliar.com\"]', '\"if(!ALEXA)\\nvar ALEXA={viewsHelpers:{}};\\nif(!ALEXA.viewsHelpers.map)\\nALEXA.viewsHelpers.map={};\\nALEXA.viewsHelpers.map.div= \\\"visitsMap\\\";\\nALEXA.viewsHelpers.map.areas=[\\n];\\n\"', '{}'),
(10, 2, '{\"0\": \"-\", \"1\": \"-\", \"2\": \"-\", \"dinamik\": \"Improved\"}', '{\"\\n\": null, \"\\nstate\": \"         REGISTERED, NOT DELEGATED, VERIFIED\", \"\\n% http\": \"//www.ripn.net/about/en/servpol.html#3.2 (in English).\", \"\\ndomain\": \"        GOOGLER.RU\", \"\\nperson\": \"        Private Person\", \"\\nsource\": \"        TCI\", \"\\ncreated\": \"       2006-05-17T20\", \"\\nnserver\": \"       ns2.poishi.com.\", \"\\nfree-date\": \"     2018-06-18\", \"\\npaid-till\": \"     2018-05-17T21\", \"\\nregistrar\": \"     RU-CENTER-RU\", \"\\nadmin-contact\": \" https\", \"\\nLast updated on 2017-11-15T09\": \"36\", \"% By submitting a query to RIPN\'s Whois Service\": null, \"\\n% you agree to abide by the following terms of use\": \"\"}', '{\"geoplugin_city\": \"Odessa\", \"geoplugin_credit\": \"Some of the returned data includes GeoLite data created by MaxMind, available from <a href=\\\\\'http://www.maxmind.com\\\\\'>http://www.maxmind.com</a>.\", \"geoplugin_region\": \"Odessa Oblast\", \"geoplugin_status\": 200, \"geoplugin_dmaCode\": \"0\", \"geoplugin_request\": \"194.54.162.235\", \"geoplugin_areaCode\": \"0\", \"geoplugin_latitude\": \"46.463902\", \"geoplugin_longitude\": \"30.738600\", \"geoplugin_regionCode\": \"17\", \"geoplugin_regionName\": \"Odessa Oblast\", \"geoplugin_countryCode\": \"UA\", \"geoplugin_countryName\": \"Ukraine\", \"geoplugin_currencyCode\": \"UAH\", \"geoplugin_continentCode\": \"EU\", \"geoplugin_currencySymbol\": \"&#8372;\", \"geoplugin_currencyConverter\": \"26.4903\", \"geoplugin_currencySymbol_UTF8\": \"₴\"}', NULL, '\"if(!ALEXA)\\nvar ALEXA={viewsHelpers:{}};\\nif(!ALEXA.viewsHelpers.map)\\nALEXA.viewsHelpers.map={};\\nALEXA.viewsHelpers.map.div= \\\"visitsMap\\\";\\nALEXA.viewsHelpers.map.areas=[\\n];\\n\"', '{}'),
(11, 22, '{\"0\": \"-\", \"1\": \"-\", \"2\": \"-\", \"dinamik\": \"Improved\"}', NULL, '{\"geoplugin_city\": \"\", \"geoplugin_credit\": \"Some of the returned data includes GeoLite data created by MaxMind, available from <a href=\\\\\'http://www.maxmind.com\\\\\'>http://www.maxmind.com</a>.\", \"geoplugin_region\": \"\", \"geoplugin_status\": 206, \"geoplugin_dmaCode\": \"0\", \"geoplugin_request\": \"217.112.35.77\", \"geoplugin_areaCode\": \"0\", \"geoplugin_latitude\": \"51.4964\", \"geoplugin_longitude\": \"-0.1224\", \"geoplugin_regionCode\": \"\", \"geoplugin_regionName\": \"\", \"geoplugin_countryCode\": \"GB\", \"geoplugin_countryName\": \"United Kingdom\", \"geoplugin_currencyCode\": \"GBP\", \"geoplugin_continentCode\": \"EU\", \"geoplugin_currencySymbol\": \"&#163;\", \"geoplugin_currencyConverter\": \"0.7603\", \"geoplugin_currencySymbol_UTF8\": \"£\"}', '[\"simplephotoshop.com\", \"transliter.ru\", \"tools-town.am\", \"tcm-club.ru\", \"dom-laminata.ru\", \"metodikinz.ru\", \"mypitbike.ru\", \"tools-town.cz\", \"fckhimki.ru\", \"normal.ru\"]', '\"if(!ALEXA)\\nvar ALEXA={viewsHelpers:{}};\\nif(!ALEXA.viewsHelpers.map)\\nALEXA.viewsHelpers.map={};\\nALEXA.viewsHelpers.map.div= \\\"visitsMap\\\";\\nALEXA.viewsHelpers.map.areas=[\\n];\\n\"', '{}'),
(12, 17, '{\"0\": {\"0\": \"124586\"}, \"1\": {\"0\": \"+2899\"}, \"2\": {\"0\": \"16733\"}, \"dinamik\": \"Declined\"}', '{\"\\r\\n\": null, \"\\r\\nDNSSEC\": \" unsigned\", \"\\r\\nReseller\": \"\", \"\\r\\nRegistrar\": \" NameCheap, Inc\", \"Domain Name\": \" JAVABRAINS.IO\", \"\\r\\nName Server\": \" DNS2.REGISTRAR-SERVERS.COM\", \"\\r\\nUpdated Date\": \" 2017-08-10T01\", \"\\r\\nCreation Date\": \" 2015-08-28T22\", \"\\r\\nDomain Status\": \" ok https\", \"\\r\\nRegistrar URL\": \" www.namecheap.com\", \"\\r\\nRegistrar IANA ID\": \" 1068\", \"\\r\\nRegistry Domain ID\": \" D503300000040399302-LRMS\", \"\\r\\nRegistry Expiry Date\": \" 2018-08-28T22\", \"\\r\\nRegistrar WHOIS Server\": \" whois.namecheap.com\", \"\\r\\nRegistrar Abuse Contact Email\": \" abuse@namecheap.com\", \"\\r\\nRegistrar Abuse Contact Phone\": \" +1.6613102107\", \"\\r\\nRegistrar Registration Expiration Date\": \"\", \"\\r\\nURL of the ICANN Whois Inaccuracy Complaint Form\": \" https\"}', '{\"geoplugin_city\": \"San Francisco\", \"geoplugin_credit\": \"Some of the returned data includes GeoLite data created by MaxMind, available from <a href=\\\\\'http://www.maxmind.com\\\\\'>http://www.maxmind.com</a>.\", \"geoplugin_region\": \"CA\", \"geoplugin_status\": 200, \"geoplugin_dmaCode\": \"807\", \"geoplugin_request\": \"151.101.65.195\", \"geoplugin_areaCode\": \"415\", \"geoplugin_latitude\": \"37.7697\", \"geoplugin_longitude\": \"-122.3933\", \"geoplugin_regionCode\": \"CA\", \"geoplugin_regionName\": \"California\", \"geoplugin_countryCode\": \"US\", \"geoplugin_countryName\": \"United States\", \"geoplugin_currencyCode\": \"USD\", \"geoplugin_continentCode\": \"NA\", \"geoplugin_currencySymbol\": \"&#36;\", \"geoplugin_currencyConverter\": \"1\", \"geoplugin_currencySymbol_UTF8\": \"$\"}', '[\"angular.io\", \"firebaseapp.com\", \"ampproject.org\", \"ttsreader.com\", \"solitr.com\", \"speechnotes.co\", \"sears.ca\", \"es.masterbase.com\", \"en.masterbase.com\", \"partners.infusionsoft.com\"]', '\"if(!ALEXA)\\nvar ALEXA={viewsHelpers:{}};\\nif(!ALEXA.viewsHelpers.map)\\nALEXA.viewsHelpers.map={};\\nALEXA.viewsHelpers.map.div= \\\"visitsMap\\\";\\nALEXA.viewsHelpers.map.areas=[\\n{title:\\\"India: 47.7%\\\",id:\\\"IN\\\",value:\\\"3.68\\\"},\\n{title:\\\"United States: 19.9%\\\",id:\\\"US\\\",value:\\\"3.3\\\"},\\n{title:\\\"Egypt: 2.9%\\\",id:\\\"EG\\\",value:\\\"2.46\\\"},\\n{title:\\\"United Arab Emirates: 1.2%\\\",id:\\\"AE\\\",value:\\\"2.08\\\"},\\n{title:\\\"Nigeria: 1%\\\",id:\\\"NG\\\",value:\\\"2\\\"}];\\n\"', '{\"2017-05-01\": 154303, \"2017-06-01\": 147672, \"2017-07-01\": 146935, \"2017-08-01\": 272670, \"2017-09-01\": 154360, \"2017-10-01\": 146292}'),
(13, 16, '{\"0\": {\"0\": \"1425798\"}, \"1\": {\"0\": \"-4898\"}, \"2\": {\"0\": \"7058\"}, \"dinamik\": \"Improved\"}', '{\"\\r\\n\": null, \"\\r\\n   DNSSEC\": \" unsigned\", \"\\r\\n   Registrar\": \" Tucows Domains Inc.\", \"   Domain Name\": \" FOOTFALLCAM.COM\", \"\\r\\n   Name Server\": \" NS3.LIVEDNS.CO.UK\", \"\\r\\n   Updated Date\": \" 2017-07-09T16\", \"\\r\\n   Creation Date\": \" 2013-08-08T16\", \"\\r\\n   Domain Status\": \" clientUpdateProhibited https\", \"\\r\\n   Registrar URL\": \" http\", \"\\r\\n   Registrar IANA ID\": \" 69\", \"\\r\\n   Registry Domain ID\": \" 1820631863_DOMAIN_COM-VRSN\", \"\\r\\n   Registry Expiry Date\": \" 2018-08-08T16\", \"\\r\\n   Registrar WHOIS Server\": \" whois.tucows.com\", \"\\r\\n   Registrar Abuse Contact Email\": \"\", \"\\r\\n   Registrar Abuse Contact Phone\": \"\", \"\\r\\n   URL of the ICANN Whois Inaccuracy Complaint Form\": \" https\"}', '{\"geoplugin_city\": \"\", \"geoplugin_credit\": \"Some of the returned data includes GeoLite data created by MaxMind, available from <a href=\\\\\'http://www.maxmind.com\\\\\'>http://www.maxmind.com</a>.\", \"geoplugin_region\": \"\", \"geoplugin_status\": 206, \"geoplugin_dmaCode\": \"0\", \"geoplugin_request\": \"91.109.10.77\", \"geoplugin_areaCode\": \"0\", \"geoplugin_latitude\": \"51.4964\", \"geoplugin_longitude\": \"-0.1224\", \"geoplugin_regionCode\": \"\", \"geoplugin_regionName\": \"\", \"geoplugin_countryCode\": \"GB\", \"geoplugin_countryName\": \"United Kingdom\", \"geoplugin_currencyCode\": \"GBP\", \"geoplugin_continentCode\": \"EU\", \"geoplugin_currencySymbol\": \"&#163;\", \"geoplugin_currencyConverter\": \"0.7603\", \"geoplugin_currencySymbol_UTF8\": \"£\"}', '[\"footfallcam.com\", \"footfallcounter.com\", \"metatechnology.co.uk\", \"littlecherubsfranchise.co.uk\", \"sitaratotomontessori.org.uk\", \"bo-peepnursery.com\"]', '\"if(!ALEXA)\\nvar ALEXA={viewsHelpers:{}};\\nif(!ALEXA.viewsHelpers.map)\\nALEXA.viewsHelpers.map={};\\nALEXA.viewsHelpers.map.div= \\\"visitsMap\\\";\\nALEXA.viewsHelpers.map.areas=[\\n{title:\\\"Kuwait: 44.4%\\\",id:\\\"KW\\\",value:\\\"3.65\\\"}];\\n\"', '{}'),
(14, 9, '{\"0\": {\"0\": \"541948\"}, \"1\": {\"0\": \"-76321\"}, \"2\": {\"0\": \"18760\"}, \"dinamik\": \"Improved\"}', '{\"\\r\\n\": null, \"\\r\\n   DNSSEC\": \" unsigned\", \"\\r\\n   Registrar\": \" Internet Domain Service BS Corp\", \"   Domain Name\": \" DRAGONSTACK.COM\", \"\\r\\n   Name Server\": \" NS-USA.TOPDNS.COM\", \"\\r\\n   Updated Date\": \" 2016-02-02T13\", \"\\r\\n   Creation Date\": \" 2012-02-15T14\", \"\\r\\n   Domain Status\": \" clientTransferProhibited https\", \"\\r\\n   Registrar URL\": \" http\", \"\\r\\n   Registrar IANA ID\": \" 2487\", \"\\r\\n   Registry Domain ID\": \" 1702335574_DOMAIN_COM-VRSN\", \"\\r\\n   Registry Expiry Date\": \" 2018-02-15T14\", \"\\r\\n   Registrar WHOIS Server\": \" whois.internet.bs\", \"\\r\\n   Registrar Abuse Contact Email\": \"\", \"\\r\\n   Registrar Abuse Contact Phone\": \"\", \"\\r\\n   URL of the ICANN Whois Inaccuracy Complaint Form\": \" https\"}', '{\"geoplugin_city\": null, \"geoplugin_credit\": \"Some of the returned data includes GeoLite data created by MaxMind, available from <a href=\\\\\'http://www.maxmind.com\\\\\'>http://www.maxmind.com</a>.\", \"geoplugin_region\": null, \"geoplugin_status\": 404, \"geoplugin_dmaCode\": null, \"geoplugin_request\": \"192.168.1.14\", \"geoplugin_areaCode\": null, \"geoplugin_latitude\": null, \"geoplugin_longitude\": null, \"geoplugin_regionCode\": null, \"geoplugin_regionName\": \"\", \"geoplugin_countryCode\": null, \"geoplugin_countryName\": null, \"geoplugin_currencyCode\": null, \"geoplugin_continentCode\": null, \"geoplugin_currencySymbol\": null, \"geoplugin_currencyConverter\": \"0\", \"geoplugin_currencySymbol_UTF8\": \"\"}', '[\"dragonstack.com\"]', '\"if(!ALEXA)\\nvar ALEXA={viewsHelpers:{}};\\nif(!ALEXA.viewsHelpers.map)\\nALEXA.viewsHelpers.map={};\\nALEXA.viewsHelpers.map.div= \\\"visitsMap\\\";\\nALEXA.viewsHelpers.map.areas=[\\n{title:\\\"Spain: 90%\\\",id:\\\"ES\\\",value:\\\"3.95\\\"}];\\n\"', '{}'),
(15, 6, '{\"0\": \"-\", \"1\": \"-\", \"2\": \"-\", \"dinamik\": \"Improved\"}', NULL, '{\"geoplugin_city\": \"Odessa\", \"geoplugin_credit\": \"Some of the returned data includes GeoLite data created by MaxMind, available from <a href=\\\\\'http://www.maxmind.com\\\\\'>http://www.maxmind.com</a>.\", \"geoplugin_region\": \"Odessa Oblast\", \"geoplugin_status\": 200, \"geoplugin_dmaCode\": \"0\", \"geoplugin_request\": \"194.54.162.235\", \"geoplugin_areaCode\": \"0\", \"geoplugin_latitude\": \"46.4639\", \"geoplugin_longitude\": \"30.7386\", \"geoplugin_regionCode\": \"17\", \"geoplugin_regionName\": \"Odessa Oblast\", \"geoplugin_countryCode\": \"UA\", \"geoplugin_countryName\": \"Ukraine\", \"geoplugin_currencyCode\": \"UAH\", \"geoplugin_continentCode\": \"EU\", \"geoplugin_currencySymbol\": \"&#8372;\", \"geoplugin_currencyConverter\": \"26.465\", \"geoplugin_currencySymbol_UTF8\": \"₴\"}', NULL, '\"if(!ALEXA)\\nvar ALEXA={viewsHelpers:{}};\\nif(!ALEXA.viewsHelpers.map)\\nALEXA.viewsHelpers.map={};\\nALEXA.viewsHelpers.map.div= \\\"visitsMap\\\";\\nALEXA.viewsHelpers.map.areas=[\\n];\\n\"', '{\"2017-05-01\": 19109, \"2017-06-01\": 14751, \"2017-07-01\": 9326, \"2017-08-01\": 12680, \"2017-09-01\": 17448, \"2017-10-01\": 126601}'),
(16, 30, '{\"0\": {\"0\": \"19706\"}, \"1\": {\"0\": \"+3004\"}, \"2\": {\"0\": \"1316\"}, \"dinamik\": \"Declined\"}', '{\"\\r\\n\": null, \"\\r\\n   DNSSEC\": \" unsigned\", \"\\r\\n   Registrar\": \" JSC Registrar R01\", \"   Domain Name\": \" MODGAMES.NET\", \"\\r\\n   Name Server\": \" NS3.VALUEHOST.RU\", \"\\r\\n   Updated Date\": \" 2017-03-01T04\", \"\\r\\n   Creation Date\": \" 2010-03-02T12\", \"\\r\\n   Domain Status\": \" clientTransferProhibited https\", \"\\r\\n   Registrar URL\": \" http\", \"\\r\\n   Registrar IANA ID\": \" 1426\", \"\\r\\n   Registry Domain ID\": \" 1587216583_DOMAIN_NET-VRSN\", \"\\r\\n   Registry Expiry Date\": \" 2018-03-02T12\", \"\\r\\n   Registrar WHOIS Server\": \" whois.r01.ru\", \"\\r\\n   Registrar Abuse Contact Email\": \" tld-abuse@r01.ru\", \"\\r\\n   Registrar Abuse Contact Phone\": \" +7(495) 783-3-783\", \"\\r\\n   URL of the ICANN Whois Inaccuracy Complaint Form\": \" https\"}', NULL, '[\"modgames.net\", \"intoclassics.net\", \"tv-play.ro\", \"bestgif.su\", \"newsims.ru\", \"serialuk.net\", \"zakacha.ru\", \"plohogo.net\", \"playlist-iptv.ucoz.ua\", \"upromo.ucoz.com.br\"]', '\"if(!ALEXA)\\nvar ALEXA={viewsHelpers:{}};\\nif(!ALEXA.viewsHelpers.map)\\nALEXA.viewsHelpers.map={};\\nALEXA.viewsHelpers.map.div= \\\"visitsMap\\\";\\nALEXA.viewsHelpers.map.areas=[\\n{title:\\\"Russia: 59.5%\\\",id:\\\"RU\\\",value:\\\"3.77\\\"},\\n{title:\\\"China: 5.5%\\\",id:\\\"CN\\\",value:\\\"2.74\\\"},\\n{title:\\\"Ukraine: 5.2%\\\",id:\\\"UA\\\",value:\\\"2.72\\\"},\\n{title:\\\"Germany: 4.5%\\\",id:\\\"DE\\\",value:\\\"2.65\\\"},\\n{title:\\\"Poland: 3.3%\\\",id:\\\"PL\\\",value:\\\"2.52\\\"}];\\n\"', '{\"2017-05-01\": 2193410, \"2017-06-01\": 2539436, \"2017-07-01\": 2990846, \"2017-08-01\": 2727329, \"2017-09-01\": 2109171, \"2017-10-01\": 2382305}'),
(17, 11, '{\"0\": \"-\", \"1\": \"-\", \"2\": \"-\", \"dinamik\": \"Improved\"}', NULL, NULL, NULL, '\"if(!ALEXA)\\nvar ALEXA={viewsHelpers:{}};\\nif(!ALEXA.viewsHelpers.map)\\nALEXA.viewsHelpers.map={};\\nALEXA.viewsHelpers.map.div= \\\"visitsMap\\\";\\nALEXA.viewsHelpers.map.areas=[\\n];\\n\"', '{}'),
(18, 27, '{\"0\": {\"0\": \"3\"}, \"1\": {\"0\": \"+0\"}, \"2\": {\"0\": \"3\"}, \"dinamik\": \"Improved\"}', '{\"\\r\\n\": null, \"\\r\\n   DNSSEC\": \" unsigned\", \"\\r\\n   Registrar\": \" MarkMonitor Inc.\", \"   Domain Name\": \" FACEBOOK.COM\", \"\\r\\n   Name Server\": \" B.NS.FACEBOOK.COM\", \"\\r\\n   Updated Date\": \" 2016-11-29T20\", \"\\r\\n   Creation Date\": \" 1997-03-29T05\", \"\\r\\n   Domain Status\": \" serverUpdateProhibited https\", \"\\r\\n   Registrar URL\": \" http\", \"\\r\\n   Registrar IANA ID\": \" 292\", \"\\r\\n   Registry Domain ID\": \" 2320948_DOMAIN_COM-VRSN\", \"\\r\\n   Registry Expiry Date\": \" 2025-03-30T04\", \"\\r\\n   Registrar WHOIS Server\": \" whois.markmonitor.com\", \"\\r\\n   Registrar Abuse Contact Email\": \" abusecomplaints@markmonitor.com\", \"\\r\\n   Registrar Abuse Contact Phone\": \" +1.2083895740\", \"\\r\\n   URL of the ICANN Whois Inaccuracy Complaint Form\": \" https\"}', '{\"geoplugin_city\": \"\", \"geoplugin_credit\": \"Some of the returned data includes GeoLite data created by MaxMind, available from <a href=\\\\\'http://www.maxmind.com\\\\\'>http://www.maxmind.com</a>.\", \"geoplugin_region\": \"\", \"geoplugin_status\": 206, \"geoplugin_dmaCode\": \"0\", \"geoplugin_request\": \"185.60.216.35\", \"geoplugin_areaCode\": \"0\", \"geoplugin_latitude\": \"53.3472\", \"geoplugin_longitude\": \"-6.2439\", \"geoplugin_regionCode\": \"\", \"geoplugin_regionName\": \"\", \"geoplugin_countryCode\": \"IE\", \"geoplugin_countryName\": \"Ireland\", \"geoplugin_currencyCode\": \"EUR\", \"geoplugin_continentCode\": \"EU\", \"geoplugin_currencySymbol\": \"&#8364;\", \"geoplugin_currencyConverter\": \"0.8437\", \"geoplugin_currencySymbol_UTF8\": \"€\"}', NULL, '\"if(!ALEXA)\\nvar ALEXA={viewsHelpers:{}};\\nif(!ALEXA.viewsHelpers.map)\\nALEXA.viewsHelpers.map={};\\nALEXA.viewsHelpers.map.div= \\\"visitsMap\\\";\\nALEXA.viewsHelpers.map.areas=[\\n{title:\\\"United States: 25.1%\\\",id:\\\"US\\\",value:\\\"3.4\\\"},\\n{title:\\\"India: 4.5%\\\",id:\\\"IN\\\",value:\\\"2.65\\\"},\\n{title:\\\"United Kingdom: 4.4%\\\",id:\\\"GB\\\",value:\\\"2.64\\\"},\\n{title:\\\"Japan: 4.1%\\\",id:\\\"JP\\\",value:\\\"2.61\\\"},\\n{title:\\\"Germany: 3.5%\\\",id:\\\"DE\\\",value:\\\"2.54\\\"}];\\n\"', '{\"2017-05-01\": 37131778249, \"2017-06-01\": 35679961420, \"2017-07-01\": 36026950376, \"2017-08-01\": 35178818022, \"2017-09-01\": 31296471578, \"2017-10-01\": 31901787236}'),
(19, 12, '{\"0\": {\"0\": \"3107832\"}, \"1\": {\"0\": \"+1630072\"}, \"2\": \"-\", \"dinamik\": \"Declined\"}', '{\"\\r\\n\": null, \"\\r\\n   DNSSEC\": \" unsigned\", \"\\r\\n   Registrar\": \" eNom, Inc.\", \"   Domain Name\": \" REALITYPI.NET\", \"\\r\\n   Name Server\": \" DNS2.NAMECHEAPHOSTING.COM\", \"\\r\\n   Updated Date\": \" 2017-04-25T13\", \"\\r\\n   Creation Date\": \" 2014-09-22T21\", \"\\r\\n   Domain Status\": \" clientTransferProhibited https\", \"\\r\\n   Registrar URL\": \" http\", \"\\r\\n   Registrar IANA ID\": \" 48\", \"\\r\\n   Registry Domain ID\": \" 1877030319_DOMAIN_NET-VRSN\", \"\\r\\n   Registry Expiry Date\": \" 2019-09-22T21\", \"\\r\\n   Registrar WHOIS Server\": \" whois.enom.com\", \"\\r\\n   Registrar Abuse Contact Email\": \"\", \"\\r\\n   Registrar Abuse Contact Phone\": \"\", \"\\r\\n   URL of the ICANN Whois Inaccuracy Complaint Form\": \" https\"}', NULL, '[\"redcarpetcrash.com\", \"realitypi.net\", \"jadvalbaz.com\", \"sarkarhomes.com\", \"metaldetectorland.com\", \"babystuff.tips\", \"ebolaalert.org\", \"thespot.org\", \"battle-of-empires.com\", \"chatoshqip.com\"]', '\"if(!ALEXA)\\nvar ALEXA={viewsHelpers:{}};\\nif(!ALEXA.viewsHelpers.map)\\nALEXA.viewsHelpers.map={};\\nALEXA.viewsHelpers.map.div= \\\"visitsMap\\\";\\nALEXA.viewsHelpers.map.areas=[\\n];\\n\"', '{}'),
(20, 1, '{\"0\": \"-\", \"1\": \"-\", \"2\": \"-\", \"dinamik\": \"Improved\"}', '{\"\\n\": null, \"\\nstate\": \"         REGISTERED, DELEGATED, VERIFIED\", \"\\n% http\": \"//www.ripn.net/about/en/servpol.html#3.2 (in English).\", \"\\ndomain\": \"        REMBLER.RU\", \"\\nperson\": \"        Private Person\", \"\\nsource\": \"        TCI\", \"\\ncreated\": \"       2000-02-15T13\", \"\\nnserver\": \"       ns2.domainparking.ru.\", \"\\nfree-date\": \"     2018-04-01\", \"\\npaid-till\": \"     2018-02-28T21\", \"\\nregistrar\": \"     REGRU-RU\", \"\\nadmin-contact\": \" http\", \"\\nLast updated on 2017-11-16T13\": \"36\", \"% By submitting a query to RIPN\'s Whois Service\": null, \"\\n% you agree to abide by the following terms of use\": \"\"}', '{\"geoplugin_city\": \"\", \"geoplugin_credit\": \"Some of the returned data includes GeoLite data created by MaxMind, available from <a href=\\\\\'http://www.maxmind.com\\\\\'>http://www.maxmind.com</a>.\", \"geoplugin_region\": \"\", \"geoplugin_status\": 206, \"geoplugin_dmaCode\": \"0\", \"geoplugin_request\": \"31.31.205.163\", \"geoplugin_areaCode\": \"0\", \"geoplugin_latitude\": \"55.7386\", \"geoplugin_longitude\": \"37.6068\", \"geoplugin_regionCode\": \"\", \"geoplugin_regionName\": \"\", \"geoplugin_countryCode\": \"RU\", \"geoplugin_countryName\": \"Russian Federation\", \"geoplugin_currencyCode\": \"RUB\", \"geoplugin_continentCode\": \"EU\", \"geoplugin_currencySymbol\": \"&#1088;&#1091;&#1073;\", \"geoplugin_currencyConverter\": \"60.0605\", \"geoplugin_currencySymbol_UTF8\": \"руб\"}', '[\"domainparking.ru\", \"main-birds.biz\", \"zombia.ru\", \"photome.ru\", \"p4a.ru\", \"smesk.ru\", \"leschel.ru\", \"inpost.ru\", \"planposting.ru\", \"sexy-nice.ru\"]', '\"if(!ALEXA)\\nvar ALEXA={viewsHelpers:{}};\\nif(!ALEXA.viewsHelpers.map)\\nALEXA.viewsHelpers.map={};\\nALEXA.viewsHelpers.map.div= \\\"visitsMap\\\";\\nALEXA.viewsHelpers.map.areas=[\\n];\\n\"', '{}'),
(21, 18, '{\"0\": {\"0\": \"124113\"}, \"1\": {\"0\": \"+4376\"}, \"2\": {\"0\": \"32723\"}, \"dinamik\": \"Declined\"}', NULL, '{\"geoplugin_city\": \"Secaucus\", \"geoplugin_credit\": \"Some of the returned data includes GeoLite data created by MaxMind, available from <a href=\\\\\'http://www.maxmind.com\\\\\'>http://www.maxmind.com</a>.\", \"geoplugin_region\": \"NJ\", \"geoplugin_status\": 200, \"geoplugin_dmaCode\": \"501\", \"geoplugin_request\": \"69.10.42.209\", \"geoplugin_areaCode\": \"201\", \"geoplugin_latitude\": \"40.7801\", \"geoplugin_longitude\": \"-74.0633\", \"geoplugin_regionCode\": \"NJ\", \"geoplugin_regionName\": \"New Jersey\", \"geoplugin_countryCode\": \"US\", \"geoplugin_countryName\": \"United States\", \"geoplugin_currencyCode\": \"USD\", \"geoplugin_continentCode\": \"NA\", \"geoplugin_currencySymbol\": \"&#36;\", \"geoplugin_currencyConverter\": \"1\", \"geoplugin_currencySymbol_UTF8\": \"$\"}', '[\"usa.com\", \"carrefur.usa.com\", \"cinepolis.usa.com\", \"evisa.usa.com\", \"youtube.usa.com\", \"proxy.usa.com\", \"abercomie.usa.com\", \"myteam.bf.usa.com\", \"myhr.bf.usa.com\", \"right-tool.usa.com\"]', NULL, '{}'),
(22, 26, '{\"0\": {\"0\": \"15\"}, \"1\": {\"0\": \"-1\"}, \"2\": {\"0\": \"1\"}, \"dinamik\": \"Improved\"}', '{\"\\r\\n\": null, \"\\r\\n   DNSSEC\": \" unsigned\", \"\\r\\n   Registrar\": \" Regional Network Information Center, JSC dba RU-CENTER\", \"   Domain Name\": \" VK.COM\", \"\\r\\n   Name Server\": \" NS4.VKONTAKTE.RU\", \"\\r\\n   Updated Date\": \" 2017-05-23T04\", \"\\r\\n   Creation Date\": \" 1997-06-24T04\", \"\\r\\n   Domain Status\": \" clientTransferProhibited https\", \"\\r\\n   Registrar URL\": \" http\", \"\\r\\n   Registrar IANA ID\": \" 463\", \"\\r\\n   Registry Domain ID\": \" 3206186_DOMAIN_COM-VRSN\", \"\\r\\n   Registry Expiry Date\": \" 2018-06-23T04\", \"\\r\\n   Registrar WHOIS Server\": \" whois.nic.ru\", \"\\r\\n   Registrar Abuse Contact Email\": \" tld-abuse@nic.ru\", \"\\r\\n   Registrar Abuse Contact Phone\": \" +7 (495) 994-46-01\", \"\\r\\n   URL of the ICANN Whois Inaccuracy Complaint Form\": \" https\"}', '{\"geoplugin_city\": \"\", \"geoplugin_credit\": \"Some of the returned data includes GeoLite data created by MaxMind, available from <a href=\\\\\'http://www.maxmind.com\\\\\'>http://www.maxmind.com</a>.\", \"geoplugin_region\": \"\", \"geoplugin_status\": 206, \"geoplugin_dmaCode\": \"0\", \"geoplugin_request\": \"95.213.11.181\", \"geoplugin_areaCode\": \"0\", \"geoplugin_latitude\": \"55.7386\", \"geoplugin_longitude\": \"37.6068\", \"geoplugin_regionCode\": \"\", \"geoplugin_regionName\": \"\", \"geoplugin_countryCode\": \"RU\", \"geoplugin_countryName\": \"Russian Federation\", \"geoplugin_currencyCode\": \"RUB\", \"geoplugin_continentCode\": \"EU\", \"geoplugin_currencySymbol\": \"&#1088;&#1091;&#1073;\", \"geoplugin_currencyConverter\": \"60.0605\", \"geoplugin_currencySymbol_UTF8\": \"руб\"}', '[\"vk.com\", \"oz5c44tv.cameleo.ru.vk.com\", \"wap.vk.com\", \"ww.vk.com\", \"mrzhk4dbnqxg64th.vk.com\", \"mob.vk.com\", \"cs523217.vk.com\", \"cs666666.vk.com\", \"dostyp.ru.vk.com\", \"ozvs4y3pnu.vk.com\"]', '\"if(!ALEXA)\\nvar ALEXA={viewsHelpers:{}};\\nif(!ALEXA.viewsHelpers.map)\\nALEXA.viewsHelpers.map={};\\nALEXA.viewsHelpers.map.div= \\\"visitsMap\\\";\\nALEXA.viewsHelpers.map.areas=[\\n{title:\\\"Russia: 50.9%\\\",id:\\\"RU\\\",value:\\\"3.71\\\"},\\n{title:\\\"Germany: 6.6%\\\",id:\\\"DE\\\",value:\\\"2.82\\\"},\\n{title:\\\"China: 3.6%\\\",id:\\\"CN\\\",value:\\\"2.56\\\"},\\n{title:\\\"Kazakhstan: 3.3%\\\",id:\\\"KZ\\\",value:\\\"2.52\\\"},\\n{title:\\\"Netherlands: 3.3%\\\",id:\\\"NL\\\",value:\\\"2.52\\\"}];\\n\"', '{\"2017-05-01\": 3635548438, \"2017-06-01\": 3465459202, \"2017-07-01\": 3359738025, \"2017-08-01\": 3206501732, \"2017-09-01\": 2891112049, \"2017-10-01\": 3003286757}'),
(24, 5, '{\"0\": {\"0\": \"293312\"}, \"1\": {\"0\": \"+15902\"}, \"2\": {\"0\": \"3303\"}, \"dinamik\": \"Declined\"}', '{\"\\r\\n\": null, \"\\r\\n   DNSSEC\": \" unsigned\", \"\\r\\n   Registrar\": \" Network Solutions, LLC.\", \"   Domain Name\": \" NIGHTLINE-DELIVERS.COM\", \"\\r\\n   Name Server\": \" AUTH03.NS.EIRCOM.NET\", \"\\r\\n   Updated Date\": \" 2017-03-31T12\", \"\\r\\n   Creation Date\": \" 2008-04-15T07\", \"\\r\\n   Domain Status\": \" clientTransferProhibited https\", \"\\r\\n   Registrar URL\": \" http\", \"\\r\\n   Registrar IANA ID\": \" 2\", \"\\r\\n   Registry Domain ID\": \" 1450145312_DOMAIN_COM-VRSN\", \"\\r\\n   Registry Expiry Date\": \" 2018-04-15T07\", \"\\r\\n   Registrar WHOIS Server\": \" whois.networksolutions.com\", \"\\r\\n   Registrar Abuse Contact Email\": \" abuse@web.com\", \"\\r\\n   Registrar Abuse Contact Phone\": \" +1.8003337680\", \"\\r\\n   URL of the ICANN Whois Inaccuracy Complaint Form\": \" https\"}', '{\"geoplugin_city\": null, \"geoplugin_credit\": \"Some of the returned data includes GeoLite data created by MaxMind, available from <a href=\\\\\'http://www.maxmind.com\\\\\'>http://www.maxmind.com</a>.\", \"geoplugin_region\": null, \"geoplugin_status\": 404, \"geoplugin_dmaCode\": null, \"geoplugin_request\": \"192.168.1.14\", \"geoplugin_areaCode\": null, \"geoplugin_latitude\": null, \"geoplugin_longitude\": null, \"geoplugin_regionCode\": null, \"geoplugin_regionName\": \"\", \"geoplugin_countryCode\": null, \"geoplugin_countryName\": null, \"geoplugin_currencyCode\": null, \"geoplugin_continentCode\": null, \"geoplugin_currencySymbol\": null, \"geoplugin_currencyConverter\": \"0\", \"geoplugin_currencySymbol_UTF8\": \"\"}', '[\"nightline-delivers.com\", \"eirpost.com\", \"my.parcelmotel.com\", \"parcelmotel.com\"]', '\"if(!ALEXA)\\nvar ALEXA={viewsHelpers:{}};\\nif(!ALEXA.viewsHelpers.map)\\nALEXA.viewsHelpers.map={};\\nALEXA.viewsHelpers.map.div= \\\"visitsMap\\\";\\nALEXA.viewsHelpers.map.areas=[\\n{title:\\\"Ireland: 51.5%\\\",id:\\\"IE\\\",value:\\\"3.71\\\"},\\n{title:\\\"United Kingdom: 39.1%\\\",id:\\\"GB\\\",value:\\\"3.59\\\"}];\\n\"', '{\"2017-05-01\": 210787, \"2017-06-01\": 94511, \"2017-07-01\": 87642, \"2017-08-01\": 373010, \"2017-09-01\": 128837, \"2017-10-01\": 81616}'),
(25, 32, '{\"0\": {\"0\": \"2\"}, \"1\": {\"0\": \"+0\"}, \"2\": {\"0\": \"2\"}, \"dinamik\": \"Improved\"}', '{\"\\r\\n\": null, \"\\r\\n   DNSSEC\": \" unsigned\", \"\\r\\n   Registrar\": \" MarkMonitor Inc.\", \"   Domain Name\": \" YOUTUBE.COM\", \"\\r\\n   Name Server\": \" NS4.GOOGLE.COM\", \"\\r\\n   Updated Date\": \" 2017-01-14T10\", \"\\r\\n   Creation Date\": \" 2005-02-15T05\", \"\\r\\n   Domain Status\": \" serverUpdateProhibited https\", \"\\r\\n   Registrar URL\": \" http\", \"\\r\\n   Registrar IANA ID\": \" 292\", \"\\r\\n   Registry Domain ID\": \" 142504053_DOMAIN_COM-VRSN\", \"\\r\\n   Registry Expiry Date\": \" 2018-02-15T05\", \"\\r\\n   Registrar WHOIS Server\": \" whois.markmonitor.com\", \"\\r\\n   Registrar Abuse Contact Email\": \" abusecomplaints@markmonitor.com\", \"\\r\\n   Registrar Abuse Contact Phone\": \" +1.2083895740\", \"\\r\\n   URL of the ICANN Whois Inaccuracy Complaint Form\": \" https\"}', '{\"geoplugin_city\": \"Mountain View\", \"geoplugin_credit\": \"Some of the returned data includes GeoLite data created by MaxMind, available from <a href=\\\\\'http://www.maxmind.com\\\\\'>http://www.maxmind.com</a>.\", \"geoplugin_region\": \"CA\", \"geoplugin_status\": 200, \"geoplugin_dmaCode\": \"807\", \"geoplugin_request\": \"216.58.209.46\", \"geoplugin_areaCode\": \"650\", \"geoplugin_latitude\": \"37.4192\", \"geoplugin_longitude\": \"-122.0574\", \"geoplugin_regionCode\": \"CA\", \"geoplugin_regionName\": \"California\", \"geoplugin_countryCode\": \"US\", \"geoplugin_countryName\": \"United States\", \"geoplugin_currencyCode\": \"USD\", \"geoplugin_continentCode\": \"NA\", \"geoplugin_currencySymbol\": \"&#36;\", \"geoplugin_currencyConverter\": \"1\", \"geoplugin_currencySymbol_UTF8\": \"$\"}', '[\"wefixncustomize.business.site\"]', '\"if(!ALEXA)\\nvar ALEXA={viewsHelpers:{}};\\nif(!ALEXA.viewsHelpers.map)\\nALEXA.viewsHelpers.map={};\\nALEXA.viewsHelpers.map.div= \\\"visitsMap\\\";\\nALEXA.viewsHelpers.map.areas=[\\n{title:\\\"United States: 16.6%\\\",id:\\\"US\\\",value:\\\"3.22\\\"},\\n{title:\\\"India: 8.3%\\\",id:\\\"IN\\\",value:\\\"2.92\\\"},\\n{title:\\\"Japan: 4.4%\\\",id:\\\"JP\\\",value:\\\"2.64\\\"},\\n{title:\\\"China: 4.2%\\\",id:\\\"CN\\\",value:\\\"2.62\\\"},\\n{title:\\\"Russia: 4.1%\\\",id:\\\"RU\\\",value:\\\"2.61\\\"}];\\n\"', '{\"2017-05-01\": 24138285037, \"2017-06-01\": 23653757662, \"2017-07-01\": 24620407423, \"2017-08-01\": 24775828829, \"2017-09-01\": 23166666910, \"2017-10-01\": 24308360043}'),
(26, 19, '{\"0\": {\"0\": \"1386202\"}, \"1\": {\"0\": \"+145684\"}, \"2\": {\"0\": \"98967\"}, \"dinamik\": \"Declined\"}', '{\"\\n\": null, \"Domain\": \" softpicks.com.de\", \"\\nStatus\": \" invalid\"}', '{\"geoplugin_city\": \"Odessa\", \"geoplugin_credit\": \"Some of the returned data includes GeoLite data created by MaxMind, available from <a href=\\\\\'http://www.maxmind.com\\\\\'>http://www.maxmind.com</a>.\", \"geoplugin_region\": \"Odessa Oblast\", \"geoplugin_status\": 200, \"geoplugin_dmaCode\": \"0\", \"geoplugin_request\": \"194.54.162.235\", \"geoplugin_areaCode\": \"0\", \"geoplugin_latitude\": \"46.463902\", \"geoplugin_longitude\": \"30.738600\", \"geoplugin_regionCode\": \"17\", \"geoplugin_regionName\": \"Odessa Oblast\", \"geoplugin_countryCode\": \"UA\", \"geoplugin_countryName\": \"Ukraine\", \"geoplugin_currencyCode\": \"UAH\", \"geoplugin_continentCode\": \"EU\", \"geoplugin_currencySymbol\": \"&#8372;\", \"geoplugin_currencyConverter\": \"26.47\", \"geoplugin_currencySymbol_UTF8\": \"₴\"}', NULL, '\"if(!ALEXA)\\nvar ALEXA={viewsHelpers:{}};\\nif(!ALEXA.viewsHelpers.map)\\nALEXA.viewsHelpers.map={};\\nALEXA.viewsHelpers.map.div= \\\"visitsMap\\\";\\nALEXA.viewsHelpers.map.areas=[\\n{title:\\\"Germany: 68.3%\\\",id:\\\"DE\\\",value:\\\"3.83\\\"}];\\n\"', '{}'),
(29, 7, '{\"0\": {\"0\": \"3679328\"}, \"1\": {\"0\": \"+1995312\"}, \"2\": \"-\", \"dinamik\": \"Declined\"}', NULL, '{\"geoplugin_city\": \"New York\", \"geoplugin_credit\": \"Some of the returned data includes GeoLite data created by MaxMind, available from <a href=\\\\\'http://www.maxmind.com\\\\\'>http://www.maxmind.com</a>.\", \"geoplugin_region\": \"NY\", \"geoplugin_status\": 200, \"geoplugin_dmaCode\": \"501\", \"geoplugin_request\": \"66.6.33.21\", \"geoplugin_areaCode\": \"212\", \"geoplugin_latitude\": \"40.7391\", \"geoplugin_longitude\": \"-73.9826\", \"geoplugin_regionCode\": \"NY\", \"geoplugin_regionName\": \"New York\", \"geoplugin_countryCode\": \"US\", \"geoplugin_countryName\": \"United States\", \"geoplugin_currencyCode\": \"USD\", \"geoplugin_continentCode\": \"NA\", \"geoplugin_currencySymbol\": \"&#36;\", \"geoplugin_currencyConverter\": \"1\", \"geoplugin_currencySymbol_UTF8\": \"$\"}', '[\"sssvitlans.tumblr.com\", \"action.tumblr.com\", \"evelinsuarez.tumblr.com\", \"sin-mesias.tumblr.com\", \"trekkingclub.tumblr.com\", \"fb1411.welaroth.tumblr.com\", \"the-baddest-female.tumblr.com\", \"luw0ncity.tumblr.com\", \"care-fr3e-living.tumblr.com\", \"chasrrr.tumblr.com\"]', '\"if(!ALEXA)\\nvar ALEXA={viewsHelpers:{}};\\nif(!ALEXA.viewsHelpers.map)\\nALEXA.viewsHelpers.map={};\\nALEXA.viewsHelpers.map.div= \\\"visitsMap\\\";\\nALEXA.viewsHelpers.map.areas=[\\n];\\n\"', '{}'),
(30, 33, '{\"0\": {\"0\": \"73\"}, \"1\": {\"0\": \"+9\"}, \"2\": {\"0\": \"26\"}, \"dinamik\": \"Declined\"}', '{\"\\r\\n\": null, \"\\r\\n   DNSSEC\": \" unsigned\", \"\\r\\n   Registrar\": \" MarkMonitor Inc.\", \"   Domain Name\": \" PINTEREST.COM\", \"\\r\\n   Name Server\": \" NS8.PINTEREST.COM\", \"\\r\\n   Updated Date\": \" 2017-03-10T23\", \"\\r\\n   Creation Date\": \" 2009-11-26T19\", \"\\r\\n   Domain Status\": \" serverUpdateProhibited https\", \"\\r\\n   Registrar URL\": \" http\", \"\\r\\n   Registrar IANA ID\": \" 292\", \"\\r\\n   Registry Domain ID\": \" 1577084852_DOMAIN_COM-VRSN\", \"\\r\\n   Registry Expiry Date\": \" 2020-11-26T19\", \"\\r\\n   Registrar WHOIS Server\": \" whois.markmonitor.com\", \"\\r\\n   Registrar Abuse Contact Email\": \" abusecomplaints@markmonitor.com\", \"\\r\\n   Registrar Abuse Contact Phone\": \" +1.2083895740\", \"\\r\\n   URL of the ICANN Whois Inaccuracy Complaint Form\": \" https\"}', '{\"geoplugin_city\": \"San Francisco\", \"geoplugin_credit\": \"Some of the returned data includes GeoLite data created by MaxMind, available from <a href=\\\\\'http://www.maxmind.com\\\\\'>http://www.maxmind.com</a>.\", \"geoplugin_region\": \"CA\", \"geoplugin_status\": 200, \"geoplugin_dmaCode\": \"807\", \"geoplugin_request\": \"151.101.192.84\", \"geoplugin_areaCode\": \"415\", \"geoplugin_latitude\": \"37.7697\", \"geoplugin_longitude\": \"-122.3933\", \"geoplugin_regionCode\": \"CA\", \"geoplugin_regionName\": \"California\", \"geoplugin_countryCode\": \"US\", \"geoplugin_countryName\": \"United States\", \"geoplugin_currencyCode\": \"USD\", \"geoplugin_continentCode\": \"NA\", \"geoplugin_currencySymbol\": \"&#36;\", \"geoplugin_currencyConverter\": \"1\", \"geoplugin_currencySymbol_UTF8\": \"$\"}', '[\"pinterest.com\", \"pinimg.com\", \"pinterest.de\", \"pinterest.es\", \"pinterest.jp\", \"pinterest.ca\", \"pinterest.com.mx\", \"pinterest.se\", \"pinterest.pt\", \"business.pinterest.com\"]', '\"if(!ALEXA)\\nvar ALEXA={viewsHelpers:{}};\\nif(!ALEXA.viewsHelpers.map)\\nALEXA.viewsHelpers.map={};\\nALEXA.viewsHelpers.map.div= \\\"visitsMap\\\";\\nALEXA.viewsHelpers.map.areas=[\\n{title:\\\"United States: 48.7%\\\",id:\\\"US\\\",value:\\\"3.69\\\"},\\n{title:\\\"India: 6.1%\\\",id:\\\"IN\\\",value:\\\"2.79\\\"},\\n{title:\\\"Japan: 3.9%\\\",id:\\\"JP\\\",value:\\\"2.59\\\"},\\n{title:\\\"Brazil: 3.7%\\\",id:\\\"BR\\\",value:\\\"2.57\\\"},\\n{title:\\\"Italy: 3.4%\\\",id:\\\"IT\\\",value:\\\"2.53\\\"}];\\n\"', '{\"2017-05-01\": 1215717075, \"2017-06-01\": 1136382652, \"2017-07-01\": 1144018393, \"2017-08-01\": 1164683938, \"2017-09-01\": 1060107875, \"2017-10-01\": 1059439069}');

-- --------------------------------------------------------

--
-- Table structure for table `dc_rates`
--

CREATE TABLE `dc_rates` (
  `id` int(11) NOT NULL,
  `domain_id` int(11) NOT NULL,
  `ip` int(10) UNSIGNED NOT NULL,
  `rate` tinyint(4) NOT NULL
) ENGINE=InnoDB DEFAULT CHARSET=utf8 COLLATE=utf8_unicode_ci;

--
-- Dumping data for table `dc_rates`
--

INSERT INTO `dc_rates` (`id`, `domain_id`, `ip`, `rate`) VALUES
(1, 21, 2130706433, 5),
(2, 25, 2130706433, 4),
(4, 16, 2130706433, 9),
(8, 24, 2130706433, 9),
(11, 2, 2130706433, 4),
(12, 22, 2130706433, 10);

-- --------------------------------------------------------

--
-- Table structure for table `dc_text`
--

CREATE TABLE `dc_text` (
  `id` int(11) NOT NULL,
  `text` text NOT NULL,
  `type` tinyint(4) NOT NULL
) ENGINE=InnoDB DEFAULT CHARSET=utf8;

--
-- Dumping data for table `dc_text`
--

INSERT INTO `dc_text` (`id`, `text`, `type`) VALUES
(1, 'Параметр encoding представляет собой символьную кодировку. Если он опущен, вместо него будет использовано значение внутренней кодировки.', 1),
(2, 'ВниманиеЭта функция может возвращать как boolean FALSE, так и не-boolean значение, которое приводится к FALSE. За более подробной информацией обратитесь к разделу Булев тип. Используйте оператор === для проверки значения, возвращаемого этой функцией.', 2),
(3, 'Speed of mb_strlen varies a lot according to specified character set.', 2),
(4, 'Возвращает количество символов в строке (string) str, имеющих кодировку символов encoding. Многобайтный символ вычисляется как 1. ', 3),
(5, 'Корректно выполняет substr() для многобайтовых кодировок, учитывая количество символов. Позиция отсчитывается от начала str. Позиция первого символа - 0, второго - 1 и т.д. ', 3),
(6, 'Если start не отрицательное, возвращенная строка начнется с позиции start от начала строки str, начальный символ имеет индекс 0. К примеру, в строке \'abcdef\', символ в позиции 0 - это \'a\', символ в позиции 2 - \'c\' и т.д. ', 3);

--
-- Indexes for dumped tables
--

--
-- Indexes for table `dc_domain`
--
ALTER TABLE `dc_domain`
  ADD PRIMARY KEY (`id`),
  ADD UNIQUE KEY `domain` (`domain`);

--
-- Indexes for table `dc_domain_comment`
--
ALTER TABLE `dc_domain_comment`
  ADD PRIMARY KEY (`id`);

--
-- Indexes for table `dc_domain_text`
--
ALTER TABLE `dc_domain_text`
  ADD PRIMARY KEY (`id`);

--
-- Indexes for table `dc_parse_data`
--
ALTER TABLE `dc_parse_data`
  ADD PRIMARY KEY (`id`),
  ADD UNIQUE KEY `domain_id` (`domain_id`);

--
-- Indexes for table `dc_rates`
--
ALTER TABLE `dc_rates`
  ADD PRIMARY KEY (`id`);

--
-- Indexes for table `dc_text`
--
ALTER TABLE `dc_text`
  ADD PRIMARY KEY (`id`);

--
-- AUTO_INCREMENT for dumped tables
--

--
-- AUTO_INCREMENT for table `dc_domain`
--
ALTER TABLE `dc_domain`
  MODIFY `id` int(11) NOT NULL AUTO_INCREMENT, AUTO_INCREMENT=34;
--
-- AUTO_INCREMENT for table `dc_domain_comment`
--
ALTER TABLE `dc_domain_comment`
  MODIFY `id` int(11) NOT NULL AUTO_INCREMENT, AUTO_INCREMENT=43;
--
-- AUTO_INCREMENT for table `dc_domain_text`
--
ALTER TABLE `dc_domain_text`
  MODIFY `id` int(11) NOT NULL AUTO_INCREMENT, AUTO_INCREMENT=1707;
--
-- AUTO_INCREMENT for table `dc_parse_data`
--
ALTER TABLE `dc_parse_data`
  MODIFY `id` int(11) NOT NULL AUTO_INCREMENT, AUTO_INCREMENT=31;
--
-- AUTO_INCREMENT for table `dc_rates`
--
ALTER TABLE `dc_rates`
  MODIFY `id` int(11) NOT NULL AUTO_INCREMENT, AUTO_INCREMENT=13;
--
-- AUTO_INCREMENT for table `dc_text`
--
ALTER TABLE `dc_text`
  MODIFY `id` int(11) NOT NULL AUTO_INCREMENT, AUTO_INCREMENT=7;COMMIT;

/*!40101 SET CHARACTER_SET_CLIENT=@OLD_CHARACTER_SET_CLIENT */;
/*!40101 SET CHARACTER_SET_RESULTS=@OLD_CHARACTER_SET_RESULTS */;
/*!40101 SET COLLATION_CONNECTION=@OLD_COLLATION_CONNECTION */;
